
@{{BLOCK(cats_intro_bn_gfx)

@=======================================================================
@
@	cats_intro_bn_gfx, 256x256@8, 
@	+ palette 64 entries, not compressed
@	+ 905 tiles (t|f reduced) not compressed
@	+ regular map (flat), not compressed, 32x32 
@	Total size: 128 + 57920 + 2048 = 60096
@
@	Time-stamp: 2024-08-21, 10:51:16
@	Exported by Cearn's GBA Image Transmogrifier, v0.9.2
@	( http://www.coranac.com/projects/#grit )
@
@=======================================================================

	.section .rodata
	.align	2
	.global cats_intro_bn_gfxTiles		@ 57920 unsigned chars
	.hidden cats_intro_bn_gfxTiles
cats_intro_bn_gfxTiles:
	.word 0x00000000,0x00000000,0x00000000,0x00000000,0x00000000,0x00000000,0x00000000,0x00000000
	.word 0x00000000,0x00000000,0x00000000,0x00000000,0x00000000,0x00000000,0x00000000,0x00000000
	.word 0x140E0E21,0x21212114,0x26262626,0x26262626,0x2E2E2E2E,0x2E2E2E2E,0x30303030,0x30303030
	.word 0x2B2B2727,0x27272727,0x27272727,0x27272727,0x2B2B2B2B,0x2B2B2B2B,0x3232322B,0x32323232
	.word 0x14142121,0x26261414,0x26262626,0x2E262626,0x2E2E2E2E,0x342E2E2E,0x30303030,0x30303030
	.word 0x27272727,0x27272727,0x27272727,0x27272727,0x2B2B2B2B,0x2B2B2B2B,0x32323232,0x32323232
	.word 0x27272B30,0x2B27272B,0x272B3030,0x322B2B2B,0x30303034,0x30303030,0x30303030,0x30303030
	.word 0x2B272727,0x2B2B2B2B,0x2B2B2727,0x2B2B2B2B,0x2B2B2B2B,0x2B2B2B2B,0x2B2B3232,0x32322B2B

	.word 0x2B2B3030,0x14141421,0x30303030,0x26262626,0x2E343434,0x2E2E2E2E,0x30303030,0x30303030
	.word 0x2B2B2B2B,0x2727272B,0x27272727,0x27272727,0x2B2B2B2B,0x2B2B2B2B,0x32323232,0x32323232
	.word 0x14141414,0x14141414,0x26262626,0x26262626,0x2E2E2E2E,0x2E2E2E2E,0x30303030,0x30303030
	.word 0x2B27272B,0x2B2B2B2B,0x27272727,0x27272727,0x2B2B2B2B,0x2B2B2B2B,0x32323232,0x32323232
	.word 0x14181818,0x14141414,0x26212121,0x26262626,0x2E2E2E2E,0x2E2E2E2E,0x30303030,0x30303030
	.word 0x272B2B2B,0x2727272B,0x27272727,0x27272727,0x2B2B2B2B,0x2B2B2B2B,0x32323232,0x32323232
	.word 0x14141414,0x14141414,0x26262626,0x26262626,0x2E2E2E2E,0x2E2E2E2E,0x30303030,0x30303030
	.word 0x2B2B2B2B,0x2B272727,0x27272727,0x27272727,0x2B2B2B2B,0x2B2B2B2B,0x32323232,0x32323232

	.word 0x14141414,0x14141414,0x26262626,0x26262626,0x2E2E2E2E,0x2E2E2E2E,0x30303030,0x30303030
	.word 0x27272727,0x272B2B27,0x27272727,0x27272727,0x2B2B2B2B,0x2B2B2B2B,0x32323232,0x32323232
	.word 0x14141414,0x14141414,0x26262626,0x26262626,0x2E2E2E2E,0x2E2E2E2E,0x30303030,0x30303030
	.word 0x2727272B,0x2B27272B,0x27272727,0x27272727,0x2B2B2B2B,0x2B2B2B2B,0x32323232,0x32323232
	.word 0x14141414,0x26141414,0x26262626,0x30262626,0x2E2E2E2E,0x342E2E2E,0x30303030,0x30303030
	.word 0x272B272B,0x2B2B2727,0x27272727,0x27272727,0x2B2B2B2B,0x2B272B2B,0x32323232,0x32323232
	.word 0x20262E2E,0x14141414,0x26303434,0x21262621,0x2E343434,0x2E2E2E2E,0x30303030,0x30303030
	.word 0x2727272B,0x27272727,0x27272727,0x27272727,0x2B2B2B2B,0x2B2B2B2B,0x32323232,0x32323232

	.word 0x14141414,0x14141414,0x21212121,0x21212121,0x2E2E2E2E,0x2E2E2E2E,0x30303030,0x30303030
	.word 0x27272727,0x27272727,0x23272727,0x27272727,0x2727272B,0x27272B27,0x32323232,0x32323232
	.word 0x14141414,0x14141414,0x21212121,0x21212121,0x2E2E2E2E,0x2E2E2E2E,0x30303030,0x30303030
	.word 0x27272727,0x27272727,0x27272727,0x27232723,0x27272727,0x27272727,0x32323232,0x32323232
	.word 0x14141414,0x14141414,0x21212121,0x21212121,0x2E2E2E2E,0x2E2E2E2E,0x30303030,0x30303030
	.word 0x27272727,0x27272727,0x27232727,0x23232327,0x27272727,0x27272727,0x3232322B,0x32322B2B
	.word 0x14141414,0x14141414,0x21212121,0x21212121,0x2E2E2E2E,0x2E2E2E2E,0x30303030,0x30303030
	.word 0x27272727,0x27272727,0x23232323,0x23232323,0x27272727,0x27272727,0x2B322B2B,0x3232322B

	.word 0x14141414,0x14141414,0x21212121,0x21212121,0x2E2E2E2E,0x302E2E2E,0x30303030,0x30303030
	.word 0x27272727,0x27272727,0x23232323,0x23232323,0x27272727,0x27272727,0x32323232,0x32322B2B
	.word 0x14141414,0x14141414,0x21212121,0x21212121,0x2E302E2E,0x302E3030,0x30303030,0x30303030
	.word 0x23272727,0x27272727,0x23232323,0x23232323,0x27272727,0x27272727,0x2B322B32,0x2B2B322B
	.word 0x14141414,0x14141414,0x21212121,0x21212121,0x302E3030,0x30302E30,0x30303030,0x30303030
	.word 0x27272727,0x27272727,0x23232323,0x23232323,0x27272727,0x27272727,0x2B2B2B32,0x322B2B2B
	.word 0x14141414,0x14141414,0x21212121,0x21212121,0x30303030,0x2E302E30,0x30303030,0x30303030
	.word 0x27272727,0x27272723,0x23232323,0x23232323,0x27272727,0x27272727,0x2B2B3232,0x2B2B2B2B

	.word 0x14141414,0x14141414,0x21212121,0x21212121,0x30303030,0x2E2E2E2E,0x30303030,0x30303030
	.word 0x27272727,0x27272727,0x23232323,0x23232323,0x27272727,0x27272727,0x322B2B2B,0x322B2B32
	.word 0x14141414,0x14141414,0x21212121,0x21212121,0x2E2E3030,0x2E2E2E2E,0x30303030,0x30303030
	.word 0x27272727,0x27272327,0x23232323,0x23232323,0x27272727,0x27272727,0x2B2B2B2B,0x2B32322B
	.word 0x14141414,0x21141414,0x21212121,0x26212121,0x2E2E2E2E,0x2E302E2E,0x30303030,0x30303030
	.word 0x27272727,0x27232727,0x23232323,0x23232323,0x27272727,0x27272727,0x322B322B,0x322B2B32
	.word 0x21302E30,0x14141414,0x2630342E,0x21212121,0x2E34342E,0x2E2E2E2E,0x30303030,0x30303030
	.word 0x27272727,0x27272727,0x23232323,0x23232323,0x27272727,0x27272727,0x32322B2B,0x32323232

	.word 0x14141414,0x14141414,0x26262621,0x26262626,0x2E2E2E2E,0x2E2E2E2E,0x30303030,0x30303030
	.word 0x27272727,0x27272727,0x23232323,0x23232327,0x27272B27,0x2B272B27,0x32323232,0x32323232
	.word 0x14141414,0x14141414,0x26262626,0x26262626,0x2E2E2E2E,0x2E2E2E2E,0x30303030,0x30303030
	.word 0x27272727,0x27272727,0x27272323,0x27272727,0x2B2B2B27,0x2B2B2B2B,0x32323232,0x32323232
	.word 0x14141414,0x14141414,0x26262626,0x26262626,0x2E2E2E2E,0x2E2E2E2E,0x30303030,0x30303030
	.word 0x27272727,0x27272727,0x27272727,0x27272727,0x2B2B2B2B,0x2B2B2B2B,0x32323232,0x32323232
	.word 0x14141414,0x18181818,0x26262626,0x26212121,0x2E2E2E2E,0x2E2E2E2E,0x30303030,0x30303030
	.word 0x27272727,0x27272727,0x27272727,0x27272727,0x2B2B2B2B,0x2B2B2B2B,0x32323232,0x32323232

	.word 0x14141414,0x14141414,0x26262626,0x26262626,0x2E2E2E2E,0x2E2E2E2E,0x30303030,0x30303030
	.word 0x2B2B2B27,0x2B2B2B2B,0x27272727,0x27272727,0x2B2B2B2B,0x2B2B2B2B,0x32323232,0x32323232
	.word 0x14141414,0x32302621,0x26262626,0x30303026,0x2E2E2E2E,0x3434342E,0x30303030,0x30303030
	.word 0x2B2B2B2B,0x2B2B2B2B,0x27272727,0x27272727,0x2B2B2B2B,0x282B2B2B,0x32323232,0x32323232
	.word 0x2B2B3230,0x2B2B2B2B,0x2B323030,0x322B2B2B,0x30303034,0x30303030,0x30303030,0x30323030
	.word 0x2B2B2B2B,0x2B2B2B2B,0x27272B2B,0x2B2B2B27,0x2B2B2B28,0x2B2B2B2B,0x32323232,0x322B2B32
	.word 0x21262E30,0x21212121,0x26303430,0x26262626,0x2E343434,0x2E2E2E2E,0x30303030,0x30303030
	.word 0x2B2B2B2B,0x2B2B2B2B,0x272B2B2B,0x27272727,0x32322832,0x2B2B2B2B,0x3232322C,0x32323232

	.word 0x21212121,0x21212121,0x26262626,0x26262626,0x2E2E2E2E,0x2E2E2E2E,0x30303030,0x30303030
	.word 0x2B2B2B2B,0x2B2B2B2B,0x27272727,0x27272727,0x2B2B2B2B,0x2B2B2B2B,0x32323232,0x32323232
	.word 0x32323232,0x32323232,0x32323232,0x32323232,0x2B2B2B2B,0x2B2B2B2B,0x21212121,0x21212121
	.word 0x1414141A,0x14141414,0x14141414,0x14141414,0x14141414,0x14141414,0x14141414,0x14141414
	.word 0x32323232,0x32323232,0x30303032,0x30303032,0x2B2B2B2B,0x302B2B2B,0x21212121,0x30262121
	.word 0x14141414,0x26211414,0x14141414,0x26141414,0x14141414,0x26141414,0x14141414,0x26141414
	.word 0x2B2B3232,0x322B2B2B,0x2B2B3230,0x322B2B2B,0x2B2B3230,0x322B2B2B,0x2B2B3230,0x322B2B2B
	.word 0x2B2B3230,0x322B2B2B,0x2B2B322E,0x322B2B2B,0x2B2B322E,0x322B2B2B,0x2B2B322E,0x322B2B2B

	.word 0x32323232,0x32323232,0x34303030,0x30303434,0x32323030,0x31313131,0x31323234,0x2121212B
	.word 0x31303034,0x14141421,0x2B303034,0x14141421,0x2B303034,0x14141421,0x31303034,0x14141421
	.word 0x32323232,0x32323232,0x30303030,0x30303030,0x2B31312B,0x2B2B2B2B,0x21212121,0x21212121
	.word 0x14141414,0x14141414,0x14141414,0x14141414,0x14141414,0x14141414,0x14141414,0x14141414
	.word 0x32323232,0x32323232,0x34343434,0x34343434,0x2B312B2B,0x2B2B2B2B,0x21212121,0x21212121
	.word 0x14141414,0x14141414,0x14141414,0x14141414,0x14141414,0x14141414,0x14141414,0x14141414
	.word 0x32323232,0x32323232,0x34343434,0x34343434,0x3131312B,0x31313131,0x21212121,0x21212121
	.word 0x14141414,0x14141414,0x14141414,0x14141414,0x14141414,0x14141414,0x14141414,0x14141414

	.word 0x32323232,0x32323232,0x34343434,0x34343434,0x2B313131,0x312B2B31,0x21212121,0x21212121
	.word 0x14141414,0x14141414,0x14141414,0x14141414,0x14141414,0x14141414,0x14141414,0x14141414
	.word 0x32323232,0x32303032,0x34343434,0x34343434,0x2B2B2B2B,0x302B2B2B,0x21212121,0x30212121
	.word 0x14141414,0x26141414,0x14141414,0x21141414,0x14141414,0x21141414,0x14141414,0x21141414
	.word 0x30323234,0x32323230,0x34343434,0x34343434,0x32343434,0x31312B2B,0x2B303434,0x21212121
	.word 0x2130342E,0x14141414,0x1430342E,0x14141414,0x1430342E,0x06061414,0x1430342E,0x06060614
	.word 0x32323232,0x32323232,0x34343434,0x34343434,0x312B2B31,0x2B2B2B31,0x21212121,0x21212121
	.word 0x14141414,0x14141414,0x14141414,0x06061414,0x14141414,0x06060606,0x14141414,0x14060614

	.word 0x32323232,0x32323232,0x34343434,0x34343434,0x2B2B3131,0x2B2B2B2B,0x21212121,0x20212021
	.word 0x14141414,0x14141414,0x14141414,0x06060614,0x06060606,0x06060606,0x06060606,0x06060606
	.word 0x32323232,0x32323232,0x34343434,0x30303434,0x2B2B2B2B,0x2B2B2B2B,0x20202020,0x20212020
	.word 0x14141314,0x14141414,0x06060606,0x06060406,0x04060606,0x06060606,0x04040606,0x06040404
	.word 0x32323232,0x32323232,0x30343434,0x30343434,0x2B2B312B,0x2B2B2B2B,0x20202020,0x20202123
	.word 0x13141414,0x1414140A,0x06060606,0x06060606,0x06060406,0x04060406,0x06060406,0x04040606
	.word 0x32323232,0x32323232,0x32343032,0x32323434,0x2B2B2B2B,0x2B2B2B2B,0x20202023,0x20202020
	.word 0x06141414,0x14140A06,0x04140604,0x06040404,0x04040604,0x06040404,0x04040404,0x04040404

	.word 0x32323232,0x32323232,0x30323232,0x32323232,0x2B2B2B2B,0x2B2B2B2B,0x20202020,0x20202020
	.word 0x14141414,0x0A060614,0x14140404,0x04040404,0x04040404,0x04040404,0x04040404,0x04040404
	.word 0x32323232,0x32323232,0x32323232,0x32323232,0x2B2B2B2B,0x2B2B2B2B,0x20202020,0x20202020
	.word 0x06060606,0x06061406,0x04040404,0x04040404,0x04040404,0x04040404,0x04040404,0x04040404
	.word 0x32323232,0x32323232,0x34323232,0x32323232,0x2B2B2B2B,0x2B2B2B2B,0x20202020,0x20202018
	.word 0x06060606,0x06060606,0x04040404,0x04040404,0x04040404,0x04040404,0x04040404,0x04040404
	.word 0x32323232,0x32323232,0x32323232,0x32323232,0x2B2B2B2B,0x2B2B2B2B,0x20202020,0x20202020
	.word 0x06060606,0x06060606,0x04040404,0x04040404,0x04040404,0x04040404,0x04040404,0x04040404

	.word 0x32323232,0x32323232,0x32323232,0x34323232,0x2B2B2B2B,0x312B2B2B,0x20202020,0x27202020
	.word 0x06060606,0x14130606,0x04040404,0x14060404,0x04040404,0x14060604,0x04040404,0x14060404
	.word 0x32323232,0x32323232,0x34343434,0x32323230,0x31343434,0x2B2B2B2B,0x2B343430,0x20202020
	.word 0x21303430,0x14060613,0x20303430,0x0606060A,0x20303430,0x06060606,0x20303430,0x06060606
	.word 0x32323232,0x32323232,0x32323232,0x32323232,0x2B2B2B2B,0x2B2B2B2B,0x20202020,0x20202020
	.word 0x14141414,0x14141414,0x06060606,0x14141406,0x06060606,0x06060606,0x06060606,0x14140606
	.word 0x32323232,0x32323232,0x32323232,0x32323232,0x2B2B2B2B,0x2B2B2B2B,0x20202020,0x20202020
	.word 0x14141414,0x14141414,0x14141414,0x14141414,0x14141414,0x14141414,0x14141414,0x14141414

	.word 0x32323232,0x32323232,0x32323232,0x32323232,0x2B2B2B2B,0x2B2B2B2B,0x20202020,0x21212120
	.word 0x14141414,0x14141414,0x14141414,0x14141414,0x14141414,0x14141414,0x14141414,0x14141414
	.word 0x32323232,0x32323232,0x32303232,0x30303232,0x2B2B2B2B,0x2B312B2B,0x21212021,0x20232323
	.word 0x14141414,0x14131313,0x14141414,0x14131313,0x14141414,0x14131313,0x14141414,0x14131313
	.word 0x32323232,0x32303030,0x32323232,0x34343430,0x2B2B2B2B,0x2B313131,0x21212121,0x21212121
	.word 0x14141414,0x14141414,0x14141414,0x14141414,0x14141414,0x14141414,0x14141414,0x14141414
	.word 0x34343434,0x34343434,0x34343434,0x34343434,0x2B2B2B2B,0x32323231,0x21212121,0x32323121
	.word 0x14141414,0x32302114,0x14141414,0x32302114,0x14141414,0x30302614,0x14141414,0x32302614

	.word 0x2B2B3232,0x2B2B2B2B,0x2B2B3234,0x2B2B2B2B,0x2B2B3234,0x2B2B2B2B,0x2B2B3234,0x2B2B2B2B
	.word 0x2B313234,0x312B2B2B,0x2B2B3234,0x312B2B2B,0x2B313234,0x312B2B2B,0x2B313434,0x312B2B2B
	.word 0x34343232,0x32323030,0x34343432,0x32323232,0x2B303430,0x2B2B2B2B,0x21303430,0x21212121
	.word 0x20262E34,0x14141414,0x14262E34,0x14141414,0x14262E34,0x14141414,0x14262E34,0x14141414
	.word 0x32323232,0x32323232,0x32323232,0x32323232,0x2B2B2B2B,0x2B2B2B2B,0x21212121,0x21212121
	.word 0x14141414,0x14141414,0x14141414,0x14141414,0x14141414,0x14141414,0x14141414,0x14141414
	.word 0x14141414,0x14141414,0x14141414,0x14141414,0x14141414,0x14141414,0x14141414,0x14141414
	.word 0x14141414,0x14141414,0x14141414,0x14141414,0x14141414,0x14141414,0x14141414,0x14141414

	.word 0x14141414,0x26141414,0x14141414,0x26141414,0x14141414,0x26141414,0x14141414,0x26141414
	.word 0x14141414,0x26141414,0x14141414,0x26141414,0x14141414,0x26141414,0x14141414,0x26141414
	.word 0x2B2B302E,0x322B2B2B,0x2B2B302E,0x322B2B2B,0x2B2B302E,0x322B2B2B,0x2B2B302E,0x322B2B2B
	.word 0x2B2B302E,0x322B2B2B,0x2B2B302E,0x322B2B2B,0x2B2B302E,0x322B2B2B,0x2B2B302E,0x322B2B2B
	.word 0x31303034,0x14141421,0x30303034,0x14141421,0x30303034,0x14141421,0x31303034,0x14141421
	.word 0x31303034,0x14141421,0x30303034,0x14141421,0x30303034,0x14141421,0x31303034,0x14141421
	.word 0x14141414,0x21141414,0x14141414,0x21141414,0x14141414,0x21141414,0x14141414,0x21141414
	.word 0x14141414,0x21141414,0x14141414,0x21141414,0x14141414,0x21141414,0x14141414,0x21141414

	.word 0x1430342E,0x06060614,0x1430342E,0x06060614,0x1430342E,0x06060614,0x1430342E,0x06060614
	.word 0x1430342E,0x06060614,0x14303430,0x04040606,0x14303430,0x04040606,0x14303430,0x04040606
	.word 0x06141414,0x14060606,0x06061406,0x06060606,0x06060606,0x04060606,0x06061406,0x04040406
	.word 0x04040604,0x04040404,0x04040404,0x04040604,0x04040404,0x04040404,0x04040404,0x04040404
	.word 0x06060606,0x04060606,0x06060604,0x04040606,0x06060404,0x04040406,0x04040404,0x04040404
	.word 0x04040404,0x04040404,0x04040404,0x04040404,0x04040404,0x04040404,0x04040404,0x04040404
	.word 0x04060404,0x04040404,0x04060404,0x04040404,0x04040404,0x04040404,0x04040404,0x04040404
	.word 0x04040404,0x04040404,0x04040404,0x04040404,0x04040404,0x04040404,0x04040404,0x04040404

	.word 0x04060604,0x04040404,0x04040404,0x04040404,0x04040404,0x04040404,0x04040404,0x04040404
	.word 0x04040404,0x04040404,0x04040404,0x04040404,0x04040404,0x04040404,0x04040404,0x04040404
	.word 0x04040404,0x04040404,0x04040404,0x04040404,0x04040404,0x04040404,0x04040404,0x04040404
	.word 0x04040404,0x04040404,0x04040404,0x04040404,0x04040404,0x04040404,0x04040404,0x04040404
	.word 0x04040404,0x14060404,0x04040404,0x14060404,0x04040404,0x14060404,0x04040404,0x14040404
	.word 0x04040404,0x14040404,0x04040404,0x14040404,0x04040404,0x14040404,0x04040404,0x14040404
	.word 0x20303430,0x06060606,0x20303430,0x06040406,0x20303430,0x06040406,0x14303430,0x04040406
	.word 0x14303430,0x04040404,0x14303430,0x04040404,0x18303430,0x04040404,0x18303430,0x04040404

	.word 0x06060606,0x06060606,0x06060606,0x06060606,0x06060606,0x06060606,0x06040404,0x06060606
	.word 0x04040404,0x06060404,0x04040404,0x04040404,0x04040404,0x04040404,0x04040404,0x04040404
	.word 0x14140606,0x14141414,0x14060606,0x14141414,0x14060606,0x14141414,0x06060606,0x14141406
	.word 0x06060606,0x14141406,0x06060606,0x14141406,0x06060606,0x14141406,0x06060604,0x06060606
	.word 0x14141414,0x14141414,0x14141414,0x14141414,0x14141414,0x14141414,0x14141414,0x14141414
	.word 0x14141414,0x14141414,0x14141414,0x14141414,0x14141414,0x14141414,0x14141406,0x14141414
	.word 0x14141414,0x14131313,0x14141414,0x14131313,0x14141414,0x14131313,0x14141414,0x14131313
	.word 0x14141414,0x14131313,0x14141414,0x14131313,0x14141414,0x14131313,0x14141414,0x0613130A

	.word 0x06060614,0x14140606,0x06060606,0x14140606,0x06060606,0x14140606,0x06060606,0x14140606
	.word 0x06060606,0x14060606,0x06060606,0x06060606,0x06060606,0x06060606,0x06060606,0x06060606
	.word 0x14141414,0x30302114,0x14141414,0x30302114,0x14141414,0x30302114,0x14141414,0x30302114
	.word 0x14141414,0x30302614,0x14141414,0x30302614,0x14141414,0x30302B14,0x14141414,0x30302B14
	.word 0x2B313434,0x312B2B2B,0x2B2B3434,0x312B2B2B,0x2B313434,0x2B2B2B2B,0x2B2B3434,0x312B2B2B
	.word 0x2B2B3434,0x322B2B2B,0x2B2B3034,0x312B2B2B,0x2B2B3034,0x312B2B2B,0x2B2B3034,0x312B2B2B
	.word 0x14262E34,0x14141414,0x14263434,0x14141414,0x14263434,0x14141414,0x14262E34,0x14141414
	.word 0x14262E34,0x14141414,0x14263434,0x14141414,0x14263434,0x14141414,0x14263434,0x14141414

	.word 0x2B2B302E,0x2B2B2B2B,0x2B2B302E,0x312B2B2B,0x2B2B302E,0x2B2B2B2B,0x2B2B302E,0x2B2B2B2B
	.word 0x2B2B302E,0x2B2B2B2B,0x2B2B3030,0x2B2B2B2B,0x2B2B3030,0x2B2B2B2B,0x272B302E,0x2B2B2B2B
	.word 0x30303034,0x06141421,0x31303434,0x06141421,0x30303034,0x06061421,0x30303030,0x06061421
	.word 0x30303030,0x06061421,0x30303030,0x06061421,0x31303034,0x06061421,0x31303030,0x06061421
	.word 0x06060606,0x14060606,0x06060606,0x14060606,0x06060606,0x06060606,0x06060606,0x06060606
	.word 0x06060606,0x06060606,0x06060606,0x06060606,0x06060606,0x06060606,0x06060606,0x06060606
	.word 0x14141414,0x14141414,0x14141414,0x14141414,0x14141413,0x14141414,0x14141306,0x14141414
	.word 0x14141306,0x14141414,0x14141306,0x14141414,0x14131306,0x14141414,0x14130606,0x14141414

	.word 0x14141414,0x14141414,0x14141414,0x14141414,0x14141414,0x14141414,0x14141414,0x14141414
	.word 0x14141414,0x14141414,0x14141414,0x14141414,0x14141414,0x06141414,0x14141414,0x06060614
	.word 0x14141414,0x14141414,0x14141414,0x14141414,0x14141414,0x06061414,0x14141414,0x06060614
	.word 0x06141414,0x06060606,0x06060614,0x06060606,0x06060606,0x06060606,0x06060606,0x06060606
	.word 0x14141414,0x21141414,0x14141406,0x1A141414,0x14060606,0x14141414,0x06060606,0x14141414
	.word 0x06060606,0x14141406,0x06060606,0x14140606,0x06060606,0x14060406,0x04060606,0x14060404
	.word 0x14303430,0x04040606,0x14303430,0x04040406,0x14303430,0x04040406,0x14303030,0x04040406
	.word 0x18303430,0x04040406,0x18303030,0x04040406,0x18303030,0x04040404,0x18303430,0x04040404

	.word 0x04040404,0x04040404,0x04040404,0x04040404,0x04040404,0x04040404,0x04040404,0x04040404
	.word 0x04040404,0x04040404,0x04040404,0x18130404,0x04040404,0x393C3518,0x2B040404,0x37313737
	.word 0x04040404,0x04040404,0x04040404,0x04040404,0x04040404,0x04040404,0x04040404,0x21130404
	.word 0x04040404,0x37381804,0x04040413,0x162F372B,0x2C130931,0x09132837,0x37382739,0x02020916
	.word 0x04040404,0x04040404,0x04040404,0x04040404,0x312B1813,0x04132B38,0x39393938,0x13383A39
	.word 0x13162837,0x313A3218,0x09090913,0x383C1309,0x09020309,0x3C3C0909,0x100C0309,0x3C391610
	.word 0x04040404,0x04040404,0x04040404,0x04040404,0x04040404,0x04040404,0x04040404,0x04040404
	.word 0x04040404,0x04040404,0x04040413,0x04040404,0x04040413,0x04040404,0x04040413,0x04040404

	.word 0x04040404,0x14040404,0x04040404,0x14040404,0x04040404,0x18040404,0x04040404,0x18040404
	.word 0x04040404,0x18040404,0x04040404,0x18040404,0x04040404,0x18040404,0x04040404,0x18040404
	.word 0x14303430,0x04040404,0x14303530,0x04040404,0x14303530,0x04040404,0x14303530,0x04040404
	.word 0x14303530,0x04040404,0x14303530,0x04040404,0x142B3030,0x04040404,0x142B3530,0x04040404
	.word 0x04040404,0x04040404,0x04040404,0x06060604,0x04040404,0x06060604,0x04040404,0x04040604
	.word 0x04040404,0x04040404,0x04040404,0x04040404,0x04040404,0x04040404,0x04040404,0x04040404
	.word 0x06060604,0x06060606,0x06060606,0x06060606,0x06040404,0x06060606,0x06060604,0x06060606
	.word 0x04060604,0x06060604,0x06040404,0x06060606,0x06040404,0x06060604,0x06040404,0x06040406

	.word 0x14141406,0x14141414,0x14141406,0x14141414,0x14140606,0x14141414,0x06060606,0x14141414
	.word 0x06060606,0x14060606,0x06060606,0x14060606,0x06060606,0x06060606,0x06060606,0x06060606
	.word 0x14141414,0x14131313,0x0A141414,0x14131313,0x0A141414,0x13131313,0x0A141414,0x13131313
	.word 0x0A141414,0x13131313,0x0A141414,0x130A1313,0x0A140606,0x130A0A0A,0x0A060606,0x130A0A0A
	.word 0x06060606,0x06060606,0x06060606,0x06060606,0x06060606,0x06060606,0x06060606,0x06060606
	.word 0x06060606,0x06060606,0x06060606,0x06060606,0x06060606,0x06060606,0x06060613,0x06060606
	.word 0x14141414,0x30302B14,0x14140606,0x30302614,0x14140606,0x30302B20,0x14140606,0x30302B14
	.word 0x14140606,0x30302614,0x06060606,0x30302114,0x06060606,0x30302114,0x06060606,0x30302B14

	.word 0x2B2B3034,0x312B2B2B,0x2B2B3034,0x312B2B2B,0x2B2B3034,0x312B2B2B,0x2B2B3034,0x312B2B2B
	.word 0x2B2B3234,0x312B2B2B,0x2B2B3234,0x312B2B2B,0x2B2B3234,0x312B2B2B,0x2B2B3234,0x322B2B2B
	.word 0x14213434,0x14141414,0x14213434,0x14141414,0x14212E34,0x14141414,0x14212E34,0x14141414
	.word 0x14213434,0x14141414,0x14213034,0x14141414,0x14212E34,0x14141414,0x14213034,0x14141414
	.word 0x14141414,0x26141414,0x14141414,0x26141414,0x14141414,0x26141414,0x14141414,0x21141414
	.word 0x14141414,0x21141414,0x14141414,0x21141414,0x14141414,0x21141414,0x14141414,0x21141414
	.word 0x2B2B3030,0x2B2B2B2B,0x2B2B3030,0x2B2B2B2B,0x2B2B302E,0x2B2B2B2B,0x2B2B302E,0x2B2B2B2B
	.word 0x272B302E,0x2B27272B,0x272B302E,0x2B27272B,0x272B3030,0x2B272727,0x272B3030,0x2B272727

	.word 0x31303030,0x06061421,0x31313030,0x06061421,0x31303030,0x06061421,0x31303030,0x06061421
	.word 0x31303030,0x06061421,0x31303030,0x06061421,0x31303030,0x06061421,0x31303430,0x06061421
	.word 0x06060606,0x06060606,0x06060606,0x06060606,0x06060606,0x06060606,0x06060606,0x06060606
	.word 0x06060606,0x06060606,0x06060606,0x06060606,0x06060606,0x06060606,0x06060606,0x06060606
	.word 0x13130606,0x14141414,0x13130606,0x14141414,0x13060606,0x14141414,0x13060606,0x14141414
	.word 0x0A060606,0x1414140A,0x06060606,0x1414140A,0x06060606,0x0614060A,0x06060606,0x06060606
	.word 0x14141414,0x14141414,0x14141414,0x14141414,0x14141414,0x14141414,0x14141414,0x06060606
	.word 0x06061414,0x06060606,0x06060614,0x06060606,0x06060606,0x06060606,0x06060606,0x06060606

	.word 0x06141414,0x06060606,0x06061414,0x06060606,0x06060614,0x06060606,0x06060606,0x06060606
	.word 0x06060606,0x06060606,0x06060606,0x06060606,0x06060606,0x06060606,0x06060606,0x04040606
	.word 0x06060606,0x06060606,0x06060606,0x06060606,0x06060606,0x04040606,0x06060606,0x04040404
	.word 0x04060606,0x04040404,0x04040406,0x04040404,0x04040404,0x04040404,0x04040404,0x04040404
	.word 0x04040406,0x14060404,0x04040404,0x14040404,0x04040404,0x14040404,0x04040404,0x18040404
	.word 0x04040404,0x18040404,0x04040404,0x18040404,0x04040404,0x18040404,0x13040404,0x31211813
	.word 0x18303030,0x04040404,0x18303030,0x04040404,0x18303030,0x04040404,0x182B3030,0x04040404
	.word 0x142B3030,0x04040404,0x182B3030,0x04040404,0x182B312B,0x04040409,0x31383834,0x13181023

	.word 0x04040404,0x04040404,0x04040404,0x04040404,0x04040404,0x04040404,0x04040404,0x04040404
	.word 0x04040404,0x04040404,0x04040404,0x04040404,0x04040404,0x04040404,0x0404090C,0x04040404
	.word 0x04040404,0x04040404,0x04040404,0x04040404,0x04040404,0x04040404,0x04040404,0x13040404
	.word 0x04040404,0x21040404,0x04040404,0x3C130404,0x04040404,0x342B0404,0x04040404,0x233C1304
	.word 0x372B0404,0x3109102C,0x28372104,0x2C090909,0x09283718,0x38130909,0x09092838,0x39160C09
	.word 0x03091337,0x29290D0C,0x09020916,0x16240F0D,0x1003030C,0x101D0B0F,0x150C0209,0x0D0F0B0B
	.word 0x18373A3A,0x09020202,0x0910383A,0x160C0902,0x09091639,0x0B0D1009,0x0C09091E,0x0B0B0F0D
	.word 0x0D0C0913,0x0B0B0B0F,0x0B0D0C0C,0x0B0B0B0B,0x0B0B0D0C,0x0B0B0B0B,0x0B0B0B0D,0x0B0B0B0B

	.word 0x0F0F0D10,0x353E291D,0x0B0B0B0F,0x233A2F1B,0x110B0B0B,0x13383A1B,0x1B110B0B,0x38293A2F
	.word 0x241B0B0B,0x292F3A3A,0x24241B11,0x0B0F111B,0x0B111B11,0x0B0B0B0B,0x0B0B0B0B,0x0B0B0B0B
	.word 0x04040409,0x04040404,0x09040409,0x04131313,0x38312318,0x38373737,0x38373939,0x37292929
	.word 0x100D1515,0x13090C0C,0x080F0F0B,0x0C100D0D,0x0B0B0B0B,0x0D0F0B0B,0x0B0B0B0B,0x0F0B0B0B
	.word 0x04040404,0x04040404,0x04040404,0x04040404,0x03132335,0x04040404,0x2B3C3A39,0x04040409
	.word 0x39392C18,0x0404022B,0x3A280909,0x0404133C,0x3C13030C,0x0404183F,0x3C130316,0x0202233A
	.word 0x04040404,0x14040404,0x04040404,0x18040404,0x04040404,0x18040404,0x04040404,0x18040404
	.word 0x04040404,0x14040404,0x04040404,0x18040404,0x04040404,0x18040404,0x04040404,0x1C040204

	.word 0x142B3030,0x04040404,0x142B3030,0x04040404,0x132B3530,0x04040404,0x132B3030,0x04040404
	.word 0x142B3030,0x04040404,0x132B3030,0x04040404,0x132B312B,0x04040402,0x282C3832,0x212B3131
	.word 0x04040404,0x04040404,0x04040404,0x04040404,0x04040404,0x04040404,0x04040404,0x04040404
	.word 0x04040404,0x04040404,0x04040404,0x04040404,0x04040404,0x04040404,0x13182323,0x04040413
	.word 0x04040404,0x06040404,0x04040404,0x04040404,0x04040404,0x04040404,0x04040404,0x04040404
	.word 0x04040404,0x04040404,0x04040404,0x04040404,0x04040404,0x04040404,0x04040404,0x04040404
	.word 0x06060606,0x06060606,0x06040604,0x06060606,0x06040404,0x06060606,0x06060404,0x06060606
	.word 0x06060404,0x06060606,0x04040404,0x06060606,0x06040404,0x06060606,0x04040404,0x06060606

	.word 0x0A060606,0x130A0A0A,0x0A060606,0x13130A0A,0x13060606,0x130A0A0A,0x13060606,0x130A0A0A
	.word 0x13060606,0x130A0A0A,0x13060606,0x130A0A0A,0x13060606,0x130A0A0A,0x13060606,0x130A0A13
	.word 0x06060613,0x06060606,0x06060613,0x06060606,0x0606060A,0x06060606,0x0606060A,0x06060606
	.word 0x06060606,0x06060606,0x06060606,0x06060606,0x06060606,0x06060606,0x06060606,0x06060606
	.word 0x06060606,0x30302B14,0x06060606,0x30302B14,0x06060606,0x30302B14,0x06060606,0x30302B14
	.word 0x06060606,0x30302B14,0x06060606,0x30302B14,0x06060606,0x30302B14,0x06060606,0x30302B14
	.word 0x2B2B3234,0x312B2B2B,0x2B2B3234,0x312B2B2B,0x2B2B3034,0x322B2B2B,0x2B2B3234,0x322B2B2B
	.word 0x2B2B3234,0x322B2B2B,0x2B2B3234,0x312B272B,0x2B2B3234,0x322B272B,0x2B2B3234,0x322B2727

	.word 0x14213034,0x14141414,0x14213034,0x14141414,0x14213034,0x14141414,0x14213034,0x14141414
	.word 0x14213034,0x14141414,0x14213034,0x14141414,0x14203034,0x14141414,0x14203034,0x14141414
	.word 0x14141414,0x14141414,0x13131313,0x13131313,0x13131313,0x13131313,0x13131313,0x13131313
	.word 0x13131313,0x13131313,0x13131313,0x13131313,0x13131313,0x13131313,0x13131313,0x13131313
	.word 0x14141414,0x21141414,0x13131313,0x21141414,0x13131313,0x21141313,0x13131313,0x20131313
	.word 0x13131313,0x20131313,0x13131313,0x20131313,0x13131313,0x20131313,0x13131313,0x18131313
	.word 0x272B3030,0x2B272727,0x272B3030,0x2B272727,0x272B3030,0x2B27272B,0x272B3030,0x2B272727
	.word 0x272B3030,0x2B272727,0x272B3030,0x2B272727,0x272B3030,0x27272727,0x272B3430,0x2B272723

	.word 0x31313430,0x06060621,0x31313430,0x06061421,0x31313430,0x06061421,0x31313030,0x06061421
	.word 0x31313030,0x06061421,0x31313030,0x06061423,0x31313030,0x06061423,0x31313030,0x06061423
	.word 0x060A0606,0x06060606,0x06060606,0x06060606,0x06060606,0x06060606,0x06060606,0x06060606
	.word 0x06060606,0x06060606,0x06060606,0x06060606,0x06060606,0x06060606,0x06060606,0x06060606
	.word 0x06060606,0x06060606,0x06060606,0x06060606,0x06060606,0x06060606,0x06060606,0x04060606
	.word 0x06060606,0x04040606,0x06060606,0x04040404,0x04060606,0x04040404,0x04040606,0x04040404
	.word 0x06060606,0x04040404,0x04040606,0x04040404,0x04040404,0x04040404,0x04040404,0x04040404
	.word 0x04040404,0x04040404,0x04040404,0x04040404,0x04040404,0x04040404,0x04040404,0x04040404

	.word 0x04040404,0x04040404,0x04040404,0x1C040404,0x04040404,0x232B1304,0x04040404,0x09233513
	.word 0x13040404,0x09092335,0x35040404,0x0C090935,0x3C210404,0x150C0913,0x283C1304,0x0F160909
	.word 0x31231C04,0x18181C23,0x09132031,0x09090909,0x09090913,0x0C0C0C0C,0x16100C09,0x0F0F0D0D
	.word 0x0B0F0D0C,0x0B0B0B0B,0x0B0B0B0D,0x0B0B0B0B,0x0B0B0B0B,0x0B0B0B0B,0x0B0B0B0B,0x0B0B0B0B
	.word 0x1016161C,0x38322B23,0x09090909,0x09090209,0x0C0C0C0C,0x0909090C,0x0D080F0F,0x100D0D0D
	.word 0x0B0B0B0B,0x0F0F0B0B,0x0B0B0B0B,0x0B0B0B0B,0x0B0B0B0B,0x0B0B0B0B,0x0B0B0B0B,0x0B0B0B0B
	.word 0x2331343C,0x04040413,0x38311013,0x182B383C,0x0C090902,0x3C342318,0x09090C0C,0x13090302
	.word 0x100D0D08,0x0203090C,0x0F0F0B0B,0x090C0D0D,0x0B0B0B0B,0x0D0F0B0B,0x0B0B0B0B,0x080B0B0B

	.word 0x04040404,0x04040404,0x04040204,0x04040404,0x09132B38,0x04040404,0x313C3823,0x04020C10
	.word 0x2C160902,0x0C103837,0x09030303,0x2C372A10,0x03030C10,0x2F291302,0x0C0D0D0F,0x13232813
	.word 0x04040404,0x13382004,0x04040404,0x09353504,0x04040404,0x03283804,0x04040404,0x02233C18
	.word 0x180C0409,0x03163F31,0x31383823,0x03103A2C,0x0913102C,0x03163913,0x03030309,0x0C163910
	.word 0x0F0D0302,0x0B0B0B0B,0x0B0D0C02,0x0B0B0B0B,0x0B0F1003,0x0B0B0B0B,0x0B0B0D0C,0x0B0B0B0B
	.word 0x0B0B0F0C,0x0B0B0B0B,0x0B0B0B10,0x0B0B0B0B,0x0B0B0B0D,0x0B0B0B0B,0x0B0B0B0D,0x0B0B0B0B
	.word 0x0B0B0B0B,0x0B0B0B0B,0x0B0B0B0B,0x0B0B0B0B,0x0B0B0B0B,0x0B0B0B0B,0x0B0B0B0B,0x0B0B0B0B
	.word 0x0B0B0B0B,0x0B0B0B0B,0x0B0B0B0B,0x1111110B,0x11110B0B,0x1B111111,0x1B0B0B0B,0x1B1B1111

	.word 0x0B0B0B0B,0x0B0B0B0B,0x0B0B0B0B,0x0B0B0B0B,0x0B0B0B0B,0x0B0B0B0B,0x0B0B0B0B,0x0B0B0B0B
	.word 0x0B0B0B0B,0x110B0B0B,0x11111111,0x11111111,0x1B241B1B,0x2424241B,0x2424241B,0x2F242424
	.word 0x0B0B0B0B,0x0F0B0B0B,0x0B0B0B0B,0x1B0B0B0B,0x0B0B0B0B,0x1911110B,0x11110B0B,0x161D1B11
	.word 0x1B111111,0x2C0D1D1B,0x24241B1B,0x3A37221D,0x2F292424,0x3A3A3A39,0x3A3A392F,0x112F3A3A
	.word 0x3A180315,0x04021339,0x3A340C0D,0x02020935,0x3A3F2813,0x02020218,0x373F3A28,0x13131628
	.word 0x10313E3A,0x2C312716,0x0309283A,0x09090303,0x030C1028,0x03030303,0x0D0D0D15,0x030C0C0D
	.word 0x04040404,0x04040404,0x04040404,0x04040404,0x04040402,0x04040404,0x04020209,0x04040404
	.word 0x1316272C,0x02020202,0x382C1613,0x0209162C,0x13090303,0x282C2F28,0x03020203,0x2F1E1303

	.word 0x04040404,0x04040404,0x04040404,0x09020404,0x02040404,0x2A231302,0x13040404,0x282F2F23
	.word 0x38230902,0x0910282F,0x28372C18,0x03030913,0x09162F2F,0x0C030203,0x02031328,0x0D0D0C03
	.word 0x18020204,0x37383123,0x372A2318,0x10162C2F,0x10282F37,0x03030913,0x03030C16,0x0C090303
	.word 0x0C030303,0x0D0D100C,0x0D100C03,0x0B0B080D,0x080F0D0D,0x0B0B010B,0x0B0B0B08,0x0B0B0B01
	.word 0x272C2C37,0x13181823,0x09090913,0x02090903,0x0C030302,0x0C0C0C0C,0x0D0D0D10,0x0F08080D
	.word 0x0B0B0F08,0x0B0B0B0B,0x0B0B0B0B,0x0B0B0B0B,0x0B0B0B0B,0x0B0B0B0B,0x0B0B0B0B,0x0B0B0B0B
	.word 0x31231313,0x04132131,0x09090202,0x23352B13,0x0C0C0C0C,0x38100909,0x0D0D0808,0x130C0C0D
	.word 0x0B0B0B0B,0x100D0F0B,0x0B0B0B0B,0x0D0B0B0B,0x0B0B0B0B,0x0B0B0B0B,0x0B0B0B0B,0x0B0B0B0B

	.word 0x04040404,0x04040404,0x04040413,0x04040404,0x04041335,0x04040404,0x04133829,0x04040404
	.word 0x13313916,0x04040404,0x16392C10,0x04040404,0x37390D15,0x04040413,0x3A2C151D,0x04040431
	.word 0x04040404,0x04040404,0x04040404,0x06060604,0x04040404,0x04040404,0x04040404,0x04040404
	.word 0x04040404,0x04040404,0x04040404,0x04040404,0x04040404,0x04040404,0x04040404,0x04040404
	.word 0x13060606,0x130A0A13,0x13060606,0x130A0A13,0x13060404,0x130A0A13,0x13040404,0x130A0A13
	.word 0x13040404,0x130A0A0A,0x13040404,0x130A0A13,0x13040404,0x130A0A13,0x13040404,0x130A0A13
	.word 0x06060606,0x06060606,0x0A060606,0x06060606,0x06060606,0x06060606,0x06060606,0x06060606
	.word 0x06060606,0x06060606,0x06060606,0x06060606,0x06060606,0x06060606,0x06060604,0x06060606

	.word 0x06060606,0x30302B14,0x06060606,0x30302B20,0x06060606,0x30302B20,0x06060A13,0x30302B20
	.word 0x06061314,0x30302B20,0x06060606,0x30302B20,0x06131306,0x30302B14,0x06130606,0x30312B18
	.word 0x2B2B3134,0x322B2B2B,0x272B3234,0x322B2B2B,0x272B3234,0x322B2727,0x27273134,0x322B2B27
	.word 0x27273134,0x322B2B27,0x27273134,0x322B2727,0x272B3134,0x322B2727,0x272B3134,0x322B2727
	.word 0x14203034,0x14141414,0x14203034,0x14141414,0x14203034,0x14141414,0x14203034,0x14141414
	.word 0x14203034,0x14141414,0x14203034,0x14141414,0x14143034,0x14141414,0x14143034,0x14141414
	.word 0x13131313,0x13131313,0x13131313,0x13131313,0x13131313,0x13131313,0x13131313,0x13131313
	.word 0x13131313,0x13131313,0x13131313,0x13131313,0x13131313,0x13131313,0x13131313,0x13131313

	.word 0x13131313,0x18131313,0x13131313,0x18131313,0x13131313,0x18131313,0x13131313,0x18131313
	.word 0x13131313,0x18131313,0x13131313,0x18131313,0x13131313,0x18131313,0x13131313,0x18131313
	.word 0x232B3030,0x27272723,0x232B3030,0x27232323,0x232B3430,0x27232323,0x232B342B,0x27232323
	.word 0x232B342B,0x27232323,0x232B342B,0x27232323,0x232B342B,0x27232323,0x232B342B,0x23232323
	.word 0x31313030,0x06061423,0x312B3032,0x06061421,0x312B3031,0x06061421,0x31313031,0x06061421
	.word 0x31313031,0x04061421,0x312B3031,0x04061321,0x312B302B,0x04061321,0x3131302B,0x04041321
	.word 0x06060606,0x06060606,0x06060606,0x06060606,0x06060606,0x06060606,0x06060606,0x04060606
	.word 0x04040404,0x04040404,0x04040404,0x04040404,0x04040404,0x04040404,0x04040404,0x04040404

	.word 0x06060606,0x06060606,0x06060606,0x04060606,0x06060606,0x04040606,0x06060606,0x04040406
	.word 0x04040404,0x04040404,0x04040404,0x04040404,0x04040404,0x04040404,0x04040404,0x04040404
	.word 0x04060404,0x04040404,0x04040404,0x04040404,0x04040404,0x04040404,0x04040404,0x04040404
	.word 0x04040404,0x04040404,0x04040404,0x04040404,0x04040404,0x02040404,0x04040404,0x02020404
	.word 0x04040404,0x04040404,0x04040404,0x04040404,0x04040404,0x04040404,0x04040404,0x04040404
	.word 0x04040404,0x04040404,0x04040404,0x18040404,0x04040404,0x20040404,0x04040202,0x21040404
	.word 0x133C2B04,0x0B0D0C09,0x09313C13,0x0B0B0D0C,0x09103D18,0x0B0B0D0C,0x09133C2B,0x0B0B0F10
	.word 0x09093838,0x0B0B0B0D,0x0909313D,0x0B0B0B0D,0x0C09233F,0x0B0B0B0D,0x0C02103F,0x0F0B0B0F

	.word 0x0B0B0B0B,0x0B0B0B0B,0x0B0B0B0B,0x0B0B0B0B,0x1B110B0B,0x0B0B0F1D,0x2F2F110B,0x0F29393A
	.word 0x2424240B,0x393A3A2F,0x24242411,0x3A3A2F24,0x1717171D,0x2F2F2422,0x1717171D,0x24242217
	.word 0x0B0B0B0B,0x0B0B0B0B,0x0B0B0B0B,0x0B0B0B0B,0x0B0B0B0B,0x0B0B0B0B,0x0B0B0B0B,0x0B0B0B0B
	.word 0x0B0B0F1D,0x0B0B0B0B,0x0B0F293A,0x0B0B0B0B,0x0F293A3A,0x0B0B0B0B,0x293A3A2F,0x0B0B0B0F
	.word 0x0B0B0B0B,0x0B0B0B0B,0x0B0B0B0B,0x0B0B0B0B,0x0B0B0B0B,0x0B0B0B0B,0x0B0B0B0B,0x1D0B0B0B
	.word 0x0B0B0B0B,0x0F0B0B0B,0x0B0B0B0B,0x0B0B0B0B,0x0B0B0B0B,0x0B0B0B0B,0x0B0B0B0B,0x0B0B0B0B
	.word 0x28150F08,0x03091328,0x16291D0B,0x0C030309,0x0310281D,0x0D0D0C09,0x100C0C15,0x0B0B0F0D
	.word 0x0B0D0D0D,0x0B0B0B0B,0x0B0B0B0F,0x0B0B0B0B,0x0B0B0B0B,0x0B0B0B0B,0x0B0B0B0B,0x0B0B0B0B

	.word 0x100C0303,0x0C1E390D,0x0F0D0D10,0x0C192F0F,0x0B0B080F,0x0D291D0B,0x0B0B0B0B,0x081B0B0B
	.word 0x0B0B0B0B,0x0B0B0B0B,0x0B01010B,0x0B0B0B0B,0x0B0B0B0B,0x0F080B0B,0x291D0F0F,0x39392929
	.word 0x0B0B0B15,0x0B0B0B0B,0x0B0B0B15,0x0B0B0B0B,0x0B0B0B0D,0x0B0B0B0B,0x0B0B0B08,0x0B0B0B0B
	.word 0x0B0B0B0B,0x0B0B0B0B,0x0B0B0B0B,0x0B0B0B0B,0x1D11110F,0x2929291B,0x3D3C3939,0x34383C3C
	.word 0x110B0B0B,0x1B111B1B,0x0B0B0B0B,0x1B242411,0x0B0B0B0B,0x2F1B110B,0x0B0B0B0B,0x11110B0B
	.word 0x0B0B0B0B,0x0B0B0B0B,0x0B0B0B0B,0x0F0F0F0B,0x39393929,0x3A393939,0x26303034,0x26262630
	.word 0x24241B1B,0x3A3A3A2F,0x241B1B1B,0x3A2F2F24,0x2424242F,0x24242424,0x24242424,0x24242424
	.word 0x241B1111,0x24242424,0x1B111111,0x2424241B,0x3A3A3A3A,0x3E3E3F3A,0x26262626,0x26262626

	.word 0x3A3A3A3A,0x1D1B242F,0x242F2F2F,0x24242424,0x24242424,0x24242424,0x24242424,0x24242424
	.word 0x24242424,0x24242424,0x24242424,0x24242424,0x3A3A3A3A,0x393A3A3A,0x30262626,0x34303030
	.word 0x0B0B0F0F,0x0D080F0F,0x111B1B1B,0x010B010F,0x24242424,0x0B0B111B,0x24242424,0x0B1B2424
	.word 0x24242424,0x1B242424,0x24242424,0x1B242424,0x2F2F3939,0x1B24242F,0x3D3B3634,0x3A3E3F3D
	.word 0x030C0C0D,0x13020202,0x0D0D0B0B,0x0203030C,0x0B0B0101,0x0C0D0D0B,0x0101010B,0x080B0B01
	.word 0x0101010B,0x0B010B0B,0x0B0B0B11,0x010B0B0B,0x0B0B0F1D,0x0B010B0B,0x29293939,0x0F0F0F1D
	.word 0x0C030309,0x0B0B0D0D,0x0D100303,0x0B0B0B08,0x080D0C03,0x0B0B0B01,0x0B080D0D,0x01010101
	.word 0x010B0B0B,0x010B0101,0x0B0B0B0B,0x010B0101,0x010B0B0B,0x0B01010B,0x0B0B0B0B,0x0B0B0B0B

	.word 0x0B01010B,0x0B0B0B0B,0x0B010B01,0x0B0B0B0B,0x0B0B0B0B,0x0B0B0B01,0x0B0B0101,0x0B0B0B01
	.word 0x0B0B0101,0x0B0B0B0B,0x0B0B0B01,0x0B0B0B0B,0x0B0B010B,0x0B0B0B0B,0x0B0B0B0B,0x0B0B0B0B
	.word 0x0B0B0B01,0x0B0B0B0B,0x0B0B0B0B,0x0B0B0B0B,0x0B0B0B0B,0x0B0B0B0B,0x0B0B0B0B,0x290B0B0B
	.word 0x0B0B0B0B,0x3A2F1D0B,0x0B0B0B0B,0x2F3A3A1D,0x290B0B0B,0x242F3A3A,0x3A290B0B,0x24242F3A
	.word 0x0B0B0B0B,0x0B0B0B0B,0x0B0B0B0B,0x0B0B0B0B,0x29291B0B,0x0B0B0F11,0x242F3A39,0x0B0B1D24
	.word 0x24242F3A,0x0B112424,0x24242424,0x11112424,0x17242424,0x11111717,0x17172424,0x111D1717
	.word 0x3A1E1D0B,0x04041338,0x37151111,0x0404183A,0x291D1111,0x0404283A,0x1D1B1111,0x0413383A
	.word 0x1B1B1111,0x0413393A,0x1B1B1111,0x04183A3A,0x1B1B1111,0x04163A3A,0x1B1B1B11,0x04233A3A

	.word 0x13040404,0x130A0C13,0x04040404,0x130A0A13,0x04040404,0x13130A0A,0x04040404,0x13130C13
	.word 0x04040404,0x130A0C0C,0x04040404,0x040A0C0C,0x04040404,0x040A0C0C,0x09040404,0x040C0C0C
	.word 0x06060604,0x06060606,0x06060604,0x06060606,0x06040404,0x06060406,0x06040404,0x06060406
	.word 0x06040404,0x06060606,0x04040404,0x06060404,0x04040404,0x04040404,0x04040404,0x04040404
	.word 0x06130606,0x30312B20,0x13130606,0x30312B20,0x130A0A06,0x30312B20,0x13060A06,0x30312B18
	.word 0x13060606,0x30312B18,0x0A0A0A06,0x30312B18,0x130A0404,0x30312B18,0x13040404,0x30312B18
	.word 0x272B3134,0x322B2727,0x27273134,0x32272727,0x27272B34,0x322B2727,0x27272B34,0x32272727
	.word 0x27272B34,0x32272727,0x27272B34,0x30272727,0x27272B34,0x32272727,0x27272B34,0x30272727

	.word 0x14143034,0x14141414,0x14143034,0x14141414,0x14182B34,0x14141414,0x14182B34,0x13131314
	.word 0x14142B34,0x13131313,0x13142B34,0x13131313,0x13132B34,0x13131313,0x13132B34,0x13131313
	.word 0x14141414,0x14141414,0x14141414,0x14141414,0x13131314,0x13131313,0x13131313,0x13131313
	.word 0x13131313,0x13131313,0x13131313,0x13131313,0x13131313,0x13131313,0x13131313,0x13131313
	.word 0x13131313,0x18131313,0x13131313,0x18131313,0x13131313,0x18131313,0x13131313,0x18131313
	.word 0x13131313,0x18131313,0x23131313,0x18183128,0x29311813,0x23283829,0x1D293113,0x3837391D
	.word 0x232B302B,0x23232323,0x232B302B,0x23232323,0x232B3027,0x23232323,0x232B3027,0x23232323
	.word 0x232B3021,0x23232323,0x272B302B,0x32383832,0x382C3431,0x37282838,0x29393737,0x29150D15

	.word 0x3131302B,0x04041321,0x3131302B,0x04041321,0x312B302B,0x04041321,0x3131302B,0x04041323
	.word 0x312B302B,0x04041323,0x312B302B,0x04041323,0x312B342C,0x04041323,0x312B2C37,0x04041323
	.word 0x04040404,0x02020404,0x04040404,0x02020204,0x04040404,0x02020202,0x02040404,0x02020202
	.word 0x02040404,0x02020202,0x02020404,0x02020202,0x02020404,0x02020202,0x02020204,0x02020202
	.word 0x04020202,0x21040404,0x02020202,0x31040402,0x02020202,0x35040202,0x02020202,0x34090202
	.word 0x02020202,0x34090202,0x02020202,0x34020202,0x02020202,0x31020202,0x02020202,0x31020202
	.word 0x0C091339,0x0F0B0B0F,0x10021339,0x0F0B0B0F,0x10021339,0x110B0B0B,0x1002133C,0x110B0B0B
	.word 0x0D031339,0x110B0B0F,0x0D031339,0x110B0B0B,0x0D031339,0x110B0B0F,0x1009183A,0x110B0B0F

	.word 0x1717171D,0x24221717,0x17171717,0x22171717,0x17171717,0x17171717,0x17171717,0x17171717
	.word 0x17171717,0x17171717,0x17171717,0x17171717,0x17171717,0x17171717,0x17171717,0x17171717
	.word 0x3A3A2F24,0x0B0B0F29,0x3A2F2424,0x0B0F1B3A,0x2F2F2422,0x0B1D3A3A,0x2F222217,0x112F3A37
	.word 0x24222217,0x293A3A2F,0x22221717,0x313C372F,0x2F221717,0x04041C2C,0x1C2C2A17,0x05140402
	.word 0x0B0B0B0B,0x0B0B0B0B,0x0B0B0B0B,0x0F0F0B0B,0x0F0B0B0B,0x3739291D,0x39291D0F,0x02182331
	.word 0x131C2C39,0x04060202,0x04040418,0x05050505,0x05050504,0x05050505,0x05050505,0x05050505
	.word 0x0B0B0B0B,0x39291D1D,0x3939291D,0x18233134,0x13132331,0x04040202,0x04040402,0x05050514
	.word 0x05050505,0x05050505,0x05050505,0x05050505,0x05050505,0x04050505,0x04050505,0x04040404

	.word 0x27383939,0x181F202B,0x04020213,0x04040606,0x05040404,0x05050505,0x05050505,0x05050505
	.word 0x05050505,0x05050505,0x05050505,0x04040404,0x04040404,0x02020404,0x03030303,0x03030303
	.word 0x14141421,0x04041414,0x05050505,0x05050505,0x05050505,0x05050505,0x05050505,0x05050505
	.word 0x05050505,0x04040505,0x04040404,0x02040404,0x03030303,0x03030303,0x03030303,0x03030303
	.word 0x05050505,0x05050505,0x05050505,0x05050505,0x05050505,0x05050505,0x05050505,0x05050505
	.word 0x04040404,0x04040404,0x03020303,0x03030303,0x03030303,0x03030303,0x03030303,0x03030303
	.word 0x05050505,0x05050505,0x05050505,0x05050505,0x05050505,0x05050505,0x05050505,0x05050505
	.word 0x04040404,0x04040404,0x03030302,0x03030303,0x03030303,0x03030303,0x03030303,0x03030303

	.word 0x14141405,0x26260E14,0x05050505,0x05050505,0x05050505,0x05050505,0x05050505,0x05050505
	.word 0x04040404,0x05050505,0x04090203,0x04040404,0x03030303,0x03030303,0x03030303,0x03030303
	.word 0x3A3C342E,0x39393A3A,0x21140505,0x3430260E,0x05050505,0x05050505,0x05050505,0x05050505
	.word 0x05050505,0x05050505,0x05040404,0x05050505,0x04040303,0x14140404,0x03030303,0x04030303
	.word 0x0F1D1B29,0x0B0B0B0B,0x393E3F3B,0x0F1D292F,0x2E260E14,0x3A3A3F36,0x14050505,0x30262114
	.word 0x05050505,0x0E050505,0x05050505,0x05050505,0x05050505,0x05050505,0x05040404,0x05050505
	.word 0x0B0B0B0B,0x0B0B0B0B,0x0B0B0B0B,0x0B0B0B0B,0x0F111B2F,0x1D0B0B0B,0x393A3F3B,0x290F1D29
	.word 0x3C300E14,0x3A393A3F,0x14050505,0x3F3B2E26,0x05050505,0x260E0E0E,0x05050505,0x0E0E0E05

	.word 0x3A3A290B,0x2424242F,0x2F3A3A1D,0x24242424,0x242F3A39,0x24242424,0x24243A3A,0x24242424
	.word 0x2424243A,0x17242424,0x242F393A,0x17242424,0x393A3F3B,0x17242424,0x3F3B260E,0x1722373A
	.word 0x17171724,0x111D1717,0x17171724,0x111D1717,0x17171717,0x11171717,0x17171717,0x11171717
	.word 0x17171717,0x11171717,0x17171717,0x11171717,0x17171717,0x1D171717,0x17171717,0x1B1D1717
	.word 0x1B1B1B11,0x09163A39,0x1B1B1B11,0x02283A39,0x1B1B1B11,0x02283A39,0x1B1B1B11,0x02233A39
	.word 0x1B1B1B11,0x02233A39,0x1B1B1B1B,0x02233A3A,0x291B1B1B,0x02163E3A,0x291B1B1B,0x02133A3A
	.word 0x04040404,0x04040404,0x04040404,0x04040404,0x04040404,0x04040404,0x04040404,0x04040404
	.word 0x04040404,0x04040404,0x04040404,0x04040404,0x04040402,0x04040404,0x04040402,0x04040404

	.word 0x09040404,0x040C0C0C,0x09040404,0x040C0C0C,0x09040404,0x040C0C0C,0x09040404,0x040C0C0C
	.word 0x09040404,0x040C0C0C,0x09090404,0x040C0C0C,0x09090404,0x040C0C0C,0x09040404,0x040C0C0C
	.word 0x13040404,0x30312B18,0x13040404,0x30312B18,0x13040404,0x30312B18,0x13040404,0x30312B18
	.word 0x13130404,0x30312B18,0x13130404,0x30312B18,0x13130404,0x30312B18,0x13130404,0x30312B18
	.word 0x27232B30,0x30272323,0x27272B34,0x32232323,0x23232B30,0x32272723,0x23232B30,0x32272323
	.word 0x23232B35,0x38343127,0x23232B30,0x37383C32,0x2B232B30,0x1E162837,0x31232B30,0x150D0D38
	.word 0x13132B34,0x13131313,0x13132B34,0x13131313,0x13132B34,0x13131313,0x13132134,0x13131313
	.word 0x13132B38,0x13131313,0x1323383C,0x13131313,0x23383828,0x2B2B2323,0x393C281E,0x3837373C

	.word 0x13131313,0x13131313,0x13131313,0x13131313,0x13131313,0x13131313,0x13131313,0x13131313
	.word 0x13131313,0x13131313,0x13131313,0x23181313,0x23232B2B,0x37311818,0x373C3738,0x28373838
	.word 0x1C231813,0x13131318,0x29383823,0x2323282C,0x1D292938,0x2F372F29,0x1B292938,0x1B29291B
	.word 0x2F292937,0x1B1B1B24,0x2F242437,0x1B1B1B1B,0x242F2F38,0x1B1B1B1B,0x1B2F3A38,0x1B1B1B1B
	.word 0x1D293723,0x0D1D2929,0x1D1D392C,0x080F1B2F,0x1D1B2F39,0x1D1D292F,0x1B242F29,0x2F2F2F2F
	.word 0x242F241B,0x2F2F241B,0x1B1B1B1B,0x1B1B1B1B,0x1B111B1B,0x1B1B1B11,0x1B1B1B1B,0x1B1B1B11
	.word 0x0F293929,0x290F1D1D,0x1D1D2F1D,0x1D1D2929,0x1B1B241B,0x29292F24,0x1B1B1B2F,0x2F2F291B
	.word 0x111B1B1B,0x2911111B,0x1111111B,0x0D0F1111,0x1111111B,0x0D0B1111,0x1111111B,0x1D11111B

	.word 0x2B313839,0x04041323,0x2B313839,0x13131323,0x2B313839,0x1818202B,0x2B2B383A,0x30303031
	.word 0x2B313739,0x302E302B,0x3138391D,0x302B2B2B,0x2C391D0D,0x1818182B,0x37290D0D,0x0404132B
	.word 0x04040404,0x04040404,0x13131313,0x13131313,0x18181818,0x18181818,0x30303030,0x30303030
	.word 0x2E30302E,0x302E2E30,0x30303030,0x2B2B302B,0x18181818,0x18131818,0x04040404,0x09090409
	.word 0x04040404,0x04040404,0x090C0C0C,0x09090909,0x18181818,0x18181818,0x2B303030,0x30303030
	.word 0x3030302E,0x30303030,0x2B2B2B2B,0x2B2B2B2B,0x18181818,0x18181818,0x09090C09,0x02020909
	.word 0x02020204,0x02020202,0x09090909,0x09020909,0x18181818,0x18181818,0x3030302B,0x30303030
	.word 0x30303030,0x30303030,0x2B2B2B2B,0x2B2B2B2B,0x18181313,0x13131818,0x02020202,0x02020202

	.word 0x02020202,0x2B020202,0x02020202,0x23020202,0x13131318,0x23131313,0x2B2B2B30,0x312B2B2B
	.word 0x30303030,0x2B303030,0x2B2B2B2B,0x2B27212B,0x13131313,0x18131313,0x02020202,0x02020202
	.word 0x1003103F,0x110B0B0F,0x1003233F,0x0F0B0B0F,0x1003313F,0x0F0B0B0F,0x0C09383F,0x0F0B0B0F
	.word 0x0C0C373C,0x0B0B0B15,0x03103A3C,0x0B0B0B15,0x03163F2B,0x0F0B0B0D,0x092C3F18,0x290B0F10
	.word 0x17171717,0x22171717,0x17171717,0x312A1717,0x17171717,0x04212A17,0x1717171D,0x1414303C
	.word 0x3922171D,0x0505142E,0x303F2211,0x05050514,0x14303929,0x0505050E,0x0E14263F,0x14050505
	.word 0x04021C2A,0x05050504,0x05050413,0x05050505,0x05050505,0x05050505,0x05050505,0x04050505
	.word 0x05050505,0x04060405,0x04050505,0x03090906,0x09040405,0x09090909,0x09090206,0x09090909

	.word 0x05050505,0x05050505,0x05050505,0x04060404,0x04040505,0x03030C04,0x03090404,0x03030309
	.word 0x03030303,0x03030303,0x03030309,0x03030303,0x03030909,0x09090903,0x03030303,0x0404040C
	.word 0x040A0404,0x03030303,0x03030303,0x03030303,0x03030303,0x03030303,0x03030303,0x03030303
	.word 0x03030303,0x09030303,0x09030303,0x04040604,0x04040404,0x05050514,0x05050504,0x05050505
	.word 0x03030303,0x03030303,0x03030303,0x03030303,0x03030303,0x03030303,0x03030303,0x04040303
	.word 0x04040409,0x04040404,0x05040414,0x05050505,0x05050505,0x05050505,0x05050505,0x05050505
	.word 0x03030303,0x03030303,0x03030303,0x03030303,0x03030303,0x04020203,0x04060A0A,0x04040404
	.word 0x05050505,0x05050505,0x05050505,0x05050505,0x05050505,0x05050505,0x05050505,0x05050505

	.word 0x03030303,0x03030303,0x03030303,0x03030303,0x06040404,0x06040606,0x05050404,0x05050505
	.word 0x05050505,0x05050505,0x05050505,0x05050505,0x05050505,0x05050505,0x0E0E0E05,0x0E0E0E0E
	.word 0x03030303,0x03030303,0x02020202,0x03030303,0x04060604,0x04040404,0x05050505,0x05050505
	.word 0x05050505,0x05050505,0x05050505,0x05050505,0x05050505,0x05050505,0x0E0E0E0E,0x0E0E0E0E
	.word 0x03030303,0x03030303,0x03030303,0x03030303,0x04040604,0x04040604,0x05050505,0x04050505
	.word 0x05050505,0x05050505,0x05050505,0x05050505,0x05050505,0x05050505,0x0E0E0E0E,0x0E0E0E0E
	.word 0x03030303,0x03030303,0x03030303,0x03030303,0x04040404,0x03030202,0x14050505,0x13040404
	.word 0x05050505,0x05050505,0x05050505,0x05050505,0x05050505,0x05050505,0x0E05050E,0x05050505

	.word 0x03030303,0x03030303,0x03030303,0x03030303,0x03030303,0x03030303,0x09040404,0x03030202
	.word 0x14141405,0x04060404,0x05050505,0x05050505,0x05050505,0x05050505,0x05050505,0x05050505
	.word 0x04030303,0x05040404,0x03030303,0x04090903,0x03030303,0x09090909,0x09090303,0x09090909
	.word 0x09030909,0x09090909,0x13041414,0x09090909,0x05050505,0x04041414,0x05050505,0x14140505
	.word 0x05050505,0x0E050E05,0x05141404,0x0E0E0505,0x04130909,0x0E0E1414,0x09090909,0x14141313
	.word 0x09090909,0x04090909,0x09090909,0x13090909,0x09090909,0x09090909,0x09131414,0x0C090909
	.word 0x260E0E0E,0x223A3F3B,0x0E0E0E0E,0x3E3D2E0E,0x0E0E0E0E,0x3B260E0E,0x0E0E0E0E,0x260E0E0E
	.word 0x0E0E1414,0x0E0E0E0E,0x14141309,0x0E0E0E0E,0x13130C0C,0x0E0E2118,0x13131309,0x21181813

	.word 0x17171717,0x1D1B1717,0x17171737,0x1B1B1717,0x17223A3F,0x1B1B1717,0x2F3E3D34,0x1B1B1717
	.word 0x3E3B260E,0x1B1B1B2F,0x3626250E,0x2429393F,0x260E250E,0x2F3A3F36,0x25252626,0x3A3F3626
	.word 0x2F1B1B1B,0x0213393E,0x2F1B1B1B,0x0209383E,0x39291B1B,0x18102C3E,0x3A24241B,0x2B312C3E
	.word 0x3A2F2424,0x3031313A,0x3A392424,0x2B2B3137,0x3E3A2F24,0x18182328,0x3E3E2F2F,0x181C1310
	.word 0x02020202,0x04020202,0x02020202,0x09020202,0x18181818,0x18181818,0x2B2B2B2B,0x302B302B
	.word 0x30302B30,0x30303030,0x2B2B2B2B,0x2B2B212B,0x13131313,0x13131313,0x02020913,0x02020202
	.word 0x09090202,0x04090C0C,0x0C090902,0x09090C0C,0x18181818,0x18181818,0x3030302B,0x30303030
	.word 0x30303030,0x30303030,0x2B2B2B2B,0x2B2B2B2B,0x13131313,0x13131313,0x02020202,0x02020202

	.word 0x04040404,0x04040404,0x13130404,0x13131313,0x20181818,0x20202020,0x30303030,0x30303030
	.word 0x30303030,0x2E303030,0x2B2B2B2B,0x2B2B2B2B,0x13131313,0x13131313,0x02020202,0x02020202
	.word 0x13130404,0x30313118,0x13131313,0x30313118,0x20202020,0x3031302B,0x30303030,0x30313530
	.word 0x34303030,0x30313530,0x2B2B2B2B,0x312B3031,0x18181818,0x312B3123,0x02020202,0x312B2B18
	.word 0x34232B30,0x29150D29,0x38232B30,0x38290D1D,0x38232B30,0x16312929,0x38232732,0x13102839
	.word 0x3C2B2731,0x10131328,0x31382B31,0x16181313,0x10382C31,0x16161813,0x13283731,0x16161013
	.word 0x28383829,0x1616161E,0x16161628,0x15151616,0x1D151018,0x1D1D1D28,0x1D151618,0x1D1D1D1D
	.word 0x1D151616,0x1D1D1D1D,0x15161616,0x1D1D151D,0x1E161616,0x1D151515,0x16161616,0x1E151E16

	.word 0x281E1616,0x2C293938,0x15151515,0x37292815,0x1D1D1D1D,0x281E1515,0x1D1D1D1D,0x1E1E1515
	.word 0x151D1D1D,0x1E1E1E15,0x15281D1D,0x161E1E1E,0x1E151515,0x1E1E1616,0x16161E15,0x1E161616
	.word 0x1B1B3935,0x1B1B1B1B,0x1B1B2F38,0x1D1B1B1B,0x1B1B1B39,0x1D1B1B1B,0x1B1B1B2F,0x1D1B1B1B
	.word 0x1B1B1B2F,0x293A2F1B,0x1B1B1B29,0x393A3A1B,0x1B1B1B29,0x393A3A1B,0x1B1B1B24,0x2939241B
	.word 0x1B1B1B11,0x1D1B1B11,0x1B1D1111,0x1D1D1B1B,0x1D110F0F,0x0F1D1B11,0x1D151515,0x151D1D1D
	.word 0x151E1E15,0x1E1E1E1E,0x16161628,0x10161E16,0x10181028,0x1C233C38,0x27231823,0x272B3C37
	.word 0x11111111,0x1D111111,0x111D0F0F,0x11111111,0x1B1D1D15,0x1111111B,0x3A2F1D15,0x111B1B2F
	.word 0x3A3A191E,0x111B293A,0x3E391E16,0x1B1B243A,0x392C1618,0x1B1B1B2F,0x2216181C,0x1B1B1B1B

	.word 0x39150D0F,0x0A0A1331,0x290D0D1D,0x070A1838,0x1D0D0F1D,0x07072038,0x150D1D11,0x07072B39
	.word 0x0D0F1111,0x07072B39,0x150F1B1B,0x07072B39,0x1D111B1B,0x07071A39,0x2F1B1B1B,0x0707203C
	.word 0x04090404,0x09090909,0x04040A0A,0x09090904,0x0A070707,0x09040A0A,0x07070707,0x0A0A0A07
	.word 0x07070707,0x0A070707,0x07070707,0x07070707,0x07070707,0x07070707,0x07070707,0x07070707
	.word 0x09090909,0x02020909,0x09090909,0x02020909,0x09090903,0x02020209,0x0909090A,0x02020209
	.word 0x09090C0A,0x02020209,0x0C0C0A0A,0x02020209,0x0C0C0707,0x02020203,0x0C070707,0x0202030C
	.word 0x02020202,0x02020202,0x02020202,0x02020202,0x02020202,0x02020202,0x02020202,0x02020202
	.word 0x02020202,0x02020202,0x02020202,0x02020202,0x02020202,0x02020202,0x02020202,0x02020202

	.word 0x13373409,0x3F290F0C,0x163F2B02,0x21391E0C,0x313F1802,0x04312709,0x39380402,0x14043428
	.word 0x3F230202,0x0E04183F,0x3B130202,0x20040234,0x3B130202,0x09140223,0x3F180202,0x09090413
	.word 0x0E0E1426,0x09040505,0x0E0E0E14,0x09090414,0x04140E0E,0x09090904,0x0906140E,0x09090909
	.word 0x09090414,0x09090909,0x09090904,0x04090909,0x09090909,0x14040409,0x0C090909,0x0E141413
	.word 0x09090909,0x0C090903,0x09090909,0x0C090909,0x09090909,0x14141309,0x04090909,0x05050504
	.word 0x1404130C,0x05050505,0x05051414,0x0E050505,0x0E050E14,0x0E0E0E05,0x050E0E0E,0x0E0E0E0E
	.word 0x04040909,0x05050504,0x05040413,0x05050505,0x05050514,0x05050505,0x05050505,0x05050505
	.word 0x05050505,0x0E0E0E05,0x0E0E0505,0x250E0E0E,0x0E0E0E0E,0x33252525,0x25250E0E,0x3D362E33

	.word 0x05050505,0x05050505,0x05050505,0x05050505,0x05050505,0x0E0E050E,0x0E0E0505,0x25250E0E
	.word 0x25250E0E,0x332E2525,0x2E252525,0x3A3D3C36,0x3C3C362E,0x242F2F3A,0x242F393A,0x24242424
	.word 0x05050505,0x0E050505,0x0E0E0E0E,0x0E0E0E0E,0x25250E0E,0x25252525,0x33332525,0x3B3C3636
	.word 0x3C3D3C36,0x2F2F393A,0x242F2F39,0x24242424,0x24242424,0x24242424,0x24242424,0x1B1B2424
	.word 0x0E0E0505,0x0E0E0E0E,0x25252525,0x25252525,0x362E2E25,0x3B3C3634,0x3A3A3C3C,0x2F2F3939
	.word 0x24242424,0x24242424,0x24242424,0x24242424,0x24242424,0x1B1B2424,0x1111111B,0x010B0F0F
	.word 0x25252525,0x25252525,0x25252525,0x2E2E2E2E,0x3D3D3D3D,0x3A3F3A3C,0x242F2F2F,0x24242424
	.word 0x24242424,0x24242424,0x24242424,0x24242424,0x1B1B1B1B,0x11111111,0x01010101,0x01010101

	.word 0x25252525,0x25252525,0x3336332E,0x2E2E3333,0x3C3C3C3A,0x3A3A3A3C,0x23232224,0x24242919
	.word 0x27272224,0x24242428,0x27272224,0x24242428,0x13130D0F,0x11110F16,0x03030D08,0x01010D0C
	.word 0x25252525,0x25252525,0x2E2E2E36,0x2E2E2E2E,0x3F3F3A3A,0x3B3D3D3D,0x24242424,0x2F2F2F24
	.word 0x24242424,0x24242424,0x24242424,0x24242424,0x11111111,0x1B1B1B11,0x01010101,0x01010101
	.word 0x0E0E0E0E,0x0E0E0E0E,0x25252525,0x25252525,0x34363B3B,0x2E2E2E2E,0x39392F2F,0x3C393A39
	.word 0x24242424,0x24242424,0x24242424,0x24242424,0x2424241B,0x24242424,0x0F0F080B,0x1B1B1111
	.word 0x050E0E0E,0x05050505,0x0E0E0E25,0x0E0E0E0E,0x2525332E,0x0E0E2525,0x36363B3D,0x25333336
	.word 0x392F2F2F,0x3B3D3A3A,0x24242424,0x2F2F2424,0x24242424,0x24242424,0x2424241B,0x24242424

	.word 0x0E050505,0x0E0E0E0E,0x0E0E0E0E,0x0E0E0E0E,0x0E0E0E0E,0x0E0E0E0E,0x0E252525,0x0E0E0E0E
	.word 0x332E3636,0x0E252533,0x3D3A3A37,0x3336363B,0x2F242424,0x3D3A392F,0x24242424,0x2F242424
	.word 0x14140E0E,0x0C131318,0x0E0E0E0E,0x14210E0E,0x0E0E0E0E,0x0E0E0E0E,0x0E0E0E0E,0x0E0E0E0E
	.word 0x0E0E0E0E,0x0E0E0E0E,0x0E252533,0x0E0E0E0E,0x3333363B,0x0E262525,0x3B3F3A2F,0x2533363B
	.word 0x13131313,0x18181313,0x13131313,0x18131313,0x1318210E,0x18131313,0x210E0E0E,0x18181820
	.word 0x0E0E0E0E,0x18210E0E,0x0E0E0E0E,0x260E0E0E,0x0E0E0E0E,0x26250E0E,0x250E0E25,0x25252525
	.word 0x25260E21,0x3F362525,0x26262018,0x3B262525,0x211C1C18,0x26252526,0x1C1C1C18,0x2625261F
	.word 0x1C1C1C18,0x251F1F1C,0x1C1C1C21,0x261F1F1F,0x1C212626,0x1F1F1F1F,0x26262625,0x1F1F1F1F

	.word 0x3F3E3939,0x3F3F3D38,0x3F3E3E3E,0x26262E36,0x303D3E3D,0x25252525,0x263C3E36,0x26262525
	.word 0x3B3E3D25,0x3B343336,0x3C3F3B25,0x363D3D3F,0x273F341F,0x02040413,0x383B1F1F,0x02020213
	.word 0x0209313D,0x02020202,0x02233F2E,0x02020202,0x02233D26,0x02020202,0x02183F2E,0x02020202
	.word 0x0202233F,0x02020202,0x02020220,0x02020202,0x02020202,0x02020202,0x02020202,0x02020202
	.word 0x02020202,0x312B2B18,0x02020202,0x312B2B18,0x02020202,0x312B2B18,0x02020202,0x312B2B18
	.word 0x02020202,0x312B2B18,0x02020202,0x312B2B18,0x02020202,0x312B2B18,0x02020202,0x312B2B18
	.word 0x0A103734,0x16161610,0x10103838,0x1E161610,0x1013283C,0x371E1616,0x1010283C,0x3F281616
	.word 0x100C283C,0x3C1E1616,0x1010283C,0x28161616,0x10103838,0x16161616,0x101E3934,0x16161610

	.word 0x16161616,0x16161616,0x10102328,0x10101010,0x1023373F,0x27231810,0x1823393F,0x3C341C18
	.word 0x18233C3F,0x3F322B23,0x18182331,0x2C373821,0x18181016,0x1C1F1F1C,0x18181016,0x1C1C1818
	.word 0x16161616,0x16231616,0x18101010,0x28343123,0x18181C23,0x3C3F3C27,0x18182338,0x3C3A3C2B
	.word 0x1C232B38,0x2C3C381F,0x1C2B3837,0x1627231C,0x1C1C231F,0x1616101C,0x1C1C181C,0x1616101C
	.word 0x241B1B24,0x1E1B2424,0x2424242F,0x171B2424,0x24242439,0x1B1B2424,0x1B24392C,0x1B1B1B1B
	.word 0x242F3721,0x171B1B1B,0x3A373821,0x191B292F,0x3727352B,0x2F2F3A3A,0x37232B34,0x2F2F242F
	.word 0x37231810,0x2B343238,0x1F1C1C1E,0x181C1C1C,0x1C1C1C1E,0x18181818,0x1C1F1C19,0x1C1C1C1C
	.word 0x1F1F1F1E,0x1F1F1F1F,0x1F1F1F23,0x1F1F1F1F,0x27272B2C,0x27272727,0x2F2F2F2F,0x2F2F2F2F

	.word 0x1D161818,0x1B1B1B1B,0x1D161818,0x1B1B1B1B,0x19231C1C,0x1B1B1B1D,0x1E161F1C,0x1B1B1D19
	.word 0x1E161F1F,0x2F241D19,0x2C271F1F,0x2F2F2F29,0x392F2C2B,0x0F1B242F,0x292F3A2F,0x0F111B1B
	.word 0x3A241B1B,0x07071238,0x392F1B1B,0x07071231,0x383A2F1B,0x0707122B,0x31383A2F,0x07071221
	.word 0x2B31393A,0x07071221,0x21313729,0x07071221,0x2B382915,0x07071221,0x3137280D,0x07071221
	.word 0x07070707,0x07070707,0x07070707,0x07070707,0x07070707,0x07070707,0x07070707,0x07070707
	.word 0x07070707,0x07070707,0x07070707,0x07070707,0x07070707,0x07070707,0x07070707,0x07070707
	.word 0x07070707,0x0202030A,0x07070707,0x02020A0A,0x07070707,0x02040A07,0x07070707,0x02040A07
	.word 0x07070707,0x040A0707,0x07070707,0x0A0A0707,0x07070707,0x0A070707,0x07070707,0x07070707

	.word 0x02020202,0x02020202,0x02020202,0x02020202,0x02020202,0x02020202,0x02020202,0x02020202
	.word 0x02020202,0x02020202,0x02020202,0x02020202,0x04040404,0x02020202,0x0A0A0A0A,0x040A0A0A
	.word 0x382B0202,0x09090202,0x2B380902,0x09090203,0x1C3B1302,0x13090202,0x133D1802,0x14040202
	.word 0x02382B02,0x0E140402,0x02353402,0x0E0E1404,0x022B3B09,0x0E0E0E14,0x04203F13,0x0E0E0E0E
	.word 0x14130C0C,0x0E0E0E14,0x0E140A0C,0x0E0E0E0E,0x0E0E1404,0x0E0E0E0E,0x0E0E0E0E,0x0E0E0E0E
	.word 0x0E0E0E0E,0x250E0E0E,0x0E0E0E0E,0x2525250E,0x0E0E0E0E,0x3D362525,0x25250E0E,0x2F3A3B36
	.word 0x0E0E0E0E,0x250E0E0E,0x0E0E0E0E,0x2525250E,0x250E0E0E,0x3B362525,0x2525250E,0x2F393D36
	.word 0x3D362E25,0x24242F39,0x2F393D36,0x24242424,0x24242F3A,0x1B242424,0x24242424,0x0B111B24

	.word 0x342E2525,0x2F393A3C,0x3A3D3B34,0x2424242F,0x242F393A,0x24242424,0x24242424,0x1B242424
	.word 0x24242424,0x0B111B24,0x111B2424,0x01010B0F,0x010B111B,0x01010101,0x0101010B,0x01010101
	.word 0x24242424,0x24242424,0x24242424,0x111B2424,0x1B242424,0x010B0F11,0x0B0F111B,0x01010101
	.word 0x0101010B,0x01010101,0x01010101,0x01010101,0x01010101,0x01010101,0x01010101,0x01010101
	.word 0x1B1B2424,0x0B0B1111,0x0B0B0B11,0x01010101,0x01010101,0x01010101,0x01010101,0x01010101
	.word 0x01010101,0x01010101,0x01010101,0x01010101,0x01010101,0x01010101,0x01010101,0x01010101
	.word 0x0101010B,0x01010101,0x01010101,0x01010101,0x01010101,0x01010101,0x01010101,0x01010101
	.word 0x01010101,0x01010101,0x01010101,0x01010101,0x01010101,0x01010101,0x01010101,0x01010101

	.word 0x01010101,0x01010101,0x01010101,0x01010101,0x01010101,0x01010101,0x01010101,0x01010101
	.word 0x01010101,0x01010101,0x01010101,0x01010101,0x01010101,0x01010101,0x01010101,0x01010101
	.word 0x03030D01,0x01010D0C,0x03030D01,0x01010D0C,0x03030D01,0x01010D03,0x03030D01,0x01010D03
	.word 0x03030D01,0x01010D03,0x03030D08,0x01080D03,0x03030C08,0x01081003,0x03030C08,0x01080C03
	.word 0x01010101,0x0B0B0101,0x01010101,0x01010101,0x01010101,0x01010101,0x01010101,0x01010101
	.word 0x01010101,0x01010101,0x01010101,0x01010101,0x01010101,0x01010101,0x01010101,0x01010101
	.word 0x1B110F0F,0x2424241B,0x0B010101,0x11110B0B,0x01010101,0x0B010101,0x01010101,0x01010101
	.word 0x01010101,0x01010101,0x01010101,0x01010101,0x01010101,0x01010101,0x01010101,0x01010101

	.word 0x24242424,0x24242424,0x24241B1B,0x24242424,0x11110B0B,0x2424241B,0x0B010101,0x1B110B0B
	.word 0x01010101,0x0B0B0101,0x01010101,0x01010101,0x01010101,0x01010101,0x01010101,0x01010101
	.word 0x2F2F2424,0x363B3F3A,0x24242424,0x392F2424,0x24242424,0x24242424,0x24242424,0x24242424
	.word 0x241B1111,0x24242424,0x110B0101,0x24241B1B,0x01010101,0x1B110B0B,0x01010101,0x0B0B0101
	.word 0x25253336,0x2525250E,0x36363B3F,0x25252525,0x3D3A392F,0x2533363B,0x2F242424,0x363B3F3A
	.word 0x24242424,0x3F3A2F24,0x24242424,0x2F242424,0x24242424,0x24242424,0x24241B11,0x24242424
	.word 0x26252525,0x1F1F2126,0x25252525,0x21262525,0x25252525,0x26252525,0x25252533,0x25252525
	.word 0x2525363B,0x25252525,0x363B3F3A,0x25252525,0x3D3A2F24,0x2525363B,0x392F2424,0x25363D3E

	.word 0x3F301F1F,0x02020213,0x3F1F1F1F,0x0202021C,0x3B1F1F1F,0x02020231,0x341F1F26,0x02020938
	.word 0x301F2625,0x0202133F,0x30262525,0x0202163F,0x34252525,0x0202283F,0x25252525,0x0203353D
	.word 0x02020202,0x02020202,0x02020202,0x02020202,0x02020202,0x02020202,0x02020202,0x02020202
	.word 0x02020202,0x02020202,0x02020202,0x02020202,0x02020202,0x04020202,0x02020202,0x0A0A0A02
	.word 0x02020202,0x02020202,0x02020202,0x02020202,0x02020202,0x02020202,0x02020202,0x02020202
	.word 0x02020202,0x02020202,0x02020202,0x0A0A0C02,0x0A0A0A0A,0x0A0A0707,0x0A0A0A0A,0x07070707
	.word 0x02020202,0x02020202,0x02020202,0x02020202,0x02020202,0x02020202,0x02020202,0x02020202
	.word 0x02020202,0x02020202,0x04040A0A,0x02020202,0x0A0A0A0A,0x0202040A,0x07070707,0x040A0A0A

	.word 0x02020202,0x31212B18,0x02020202,0x31212B18,0x02020202,0x312B2B18,0x02020202,0x312B2B18
	.word 0x02020202,0x312B2B18,0x02020202,0x2B2B2B18,0x02020202,0x312B2B18,0x02020202,0x312B2B18
	.word 0x10383C32,0x16161018,0x313C3131,0x16161010,0x3932232B,0x18181631,0x311C232B,0x23313C39
	.word 0x231C202B,0x3C3B3F34,0x2B1C232B,0x2E303B3C,0x3831232B,0x261A3B3C,0x1637312B,0x26263B23
	.word 0x18181016,0x18181818,0x18181816,0x18181818,0x18181818,0x18181818,0x18181818,0x18181818
	.word 0x1C232B34,0x18181818,0x23343B3B,0x18181818,0x2B34362D,0x1818181C,0x36332525,0x27272B2E
	.word 0x1C1C1818,0x2323101C,0x1C181818,0x16101C1C,0x1C181818,0x1C1C1C1C,0x1C181818,0x231C1C1C
	.word 0x1C181818,0x3C342B1F,0x1C181818,0x363B3427,0x201C1818,0x2D333630,0x34302B27,0x25253336

	.word 0x2F2C2334,0x1B1B1B1B,0x24372834,0x1B1B1B1B,0x1B2F2C29,0x241B1B1B,0x1B2F3939,0x2F1B1B1B
	.word 0x1B2F3A2F,0x241B1B1B,0x1B2F2F1B,0x1B1B1B1B,0x242F2F1B,0x111B1B1B,0x2F3A2F2F,0x1B1B1B1B
	.word 0x241B1B1B,0x1B1B2424,0x1B1B1B1B,0x1B111111,0x1B1B1B1B,0x1B111111,0x111B1B24,0x1B111111
	.word 0x111B1B2F,0x11111111,0x1B1B2F24,0x11111111,0x242F241B,0x24242424,0x241B1B1B,0x24242F2F
	.word 0x1B1B2F2F,0x0B111111,0x1B1B242F,0x0B11111B,0x1B1B242F,0x11111129,0x2F1B2F2F,0x11111124
	.word 0x2F2F2F24,0x1111111B,0x1B2F2F24,0x11111111,0x111B242F,0x0B111111,0x1B1B1B1B,0x11111111
	.word 0x2C380D0D,0x0707122B,0x38290D0D,0x0707122B,0x37280D08,0x0707122B,0x39150D0F,0x12071831
	.word 0x39150D0F,0x35202031,0x39150D0F,0x29382B31,0x39150D0F,0x17373831,0x39290D0F,0x19223738

	.word 0x07070707,0x07070707,0x07070707,0x07070707,0x1A1A1207,0x0707121A,0x31353831,0x07203538
	.word 0x0C101E29,0x1A382810,0x10161E19,0x381E0C10,0x1E1E1919,0x28101016,0x1E191919,0x16102327
	.word 0x07070707,0x07070707,0x07070707,0x07070707,0x07070707,0x07070707,0x07070707,0x07070707
	.word 0x07070707,0x07070707,0x0707071A,0x07070707,0x18101A38,0x07071220,0x31283131,0x31353535
	.word 0x07070707,0x0A070707,0x07070707,0x0A070707,0x07070707,0x0A070707,0x07070707,0x07070707
	.word 0x07070707,0x07070707,0x07070707,0x0A070707,0x07070707,0x07070707,0x070A0712,0x0A0A0A07
	.word 0x02020404,0x02020202,0x02040A0A,0x02020202,0x040A0707,0x02020202,0x07070707,0x09020204
	.word 0x07070707,0x09030407,0x07070707,0x03040707,0x07070707,0x07070707,0x0A070707,0x07070707

	.word 0x14133F18,0x0E0E0E0E,0x0E043B23,0x0E0E0E0E,0x0E043831,0x25250E0E,0x0E063535,0x3B260E25
	.word 0x0E063130,0x3A3D260E,0x25063135,0x2F3A3B26,0x2E043535,0x1D293E3B,0x3B183C21,0x0D10283F
	.word 0x3625250E,0x2424393D,0x3A3B3325,0x2424242F,0x24393D36,0x111B2424,0x24242F3F,0x0B0B1D1B
	.word 0x1D1B242F,0x01010B0F,0x0B0F111B,0x01010101,0x01010108,0x01010101,0x01010108,0x01010101
	.word 0x1B242424,0x010B0F11,0x0B0B1B24,0x01010101,0x01010B0B,0x01010101,0x01010101,0x01010101
	.word 0x01010101,0x01010101,0x01010101,0x01010101,0x01010101,0x01010101,0x01010101,0x01010101
	.word 0x01010101,0x01010101,0x01010101,0x01010101,0x01010101,0x01010101,0x01010101,0x01010101
	.word 0x01010101,0x01010101,0x01010101,0x01010101,0x01010101,0x08010101,0x01010101,0x29080101

	.word 0x01010101,0x01010101,0x01010101,0x01010101,0x01010101,0x01010101,0x01010101,0x01010101
	.word 0x0F080101,0x08080F0F,0x39381D0B,0x29393E3E,0x313F3E29,0x3F352B23,0x0313383E,0x18030303
	.word 0x01010101,0x01010101,0x01010101,0x01010101,0x01010101,0x01010101,0x01010101,0x01010101
	.word 0x01010101,0x01010101,0x0101011D,0x01010101,0x0108293A,0x01010101,0x08293E3C,0x01010101
	.word 0x01010101,0x01010101,0x01010101,0x01010101,0x01010101,0x01010101,0x01010101,0x08010101
	.word 0x01010101,0x08010101,0x01010101,0x0D010101,0x01010101,0x0D080101,0x01010101,0x0C0D0101
	.word 0x03030C08,0x010D0C03,0x0303030D,0x080D0303,0x0303030D,0x080D0303,0x0303030D,0x080C0303
	.word 0x0303030C,0x0D0C0303,0x03030303,0x0D030303,0x03030303,0x0C030303,0x03030303,0x03030303

	.word 0x01010101,0x01010101,0x01010101,0x01010101,0x01010101,0x01010101,0x01010101,0x01010101
	.word 0x01010101,0x01010101,0x01010108,0x01010101,0x01010108,0x01010101,0x0101080D,0x01010101
	.word 0x01010101,0x01010101,0x01010101,0x01010101,0x01010101,0x01010101,0x01010101,0x01010101
	.word 0x01010101,0x0F080101,0x01010101,0x3E391D08,0x0F010101,0x2B3C3E38,0x390F0101,0x0309233F
	.word 0x01010101,0x01010101,0x01010101,0x01010101,0x01010101,0x01010101,0x01010101,0x01010101
	.word 0x08080F0F,0x01010101,0x29393E3E,0x0101081D,0x3E3C2B23,0x0108293E,0x31090303,0x08293E3E
	.word 0x1B110B0B,0x24242424,0x0B0B0B0B,0x24241B11,0x0B0B0B01,0x1B110B0B,0x0B010101,0x110B0B0B
	.word 0x0B010101,0x0B0B0B0B,0x01010101,0x0B0B0B0B,0x01010101,0x0B0B0B01,0x01010101,0x0B0B0101

	.word 0x24242424,0x3B3F3A2F,0x24242424,0x3F3A2F24,0x24242424,0x39242424,0x24241B11,0x24242424
	.word 0x241B110B,0x24242424,0x1B11110B,0x24242424,0x11110B0B,0x24241B1B,0x110B0B0B,0x241B1B11
	.word 0x25252533,0x02093C3D,0x2525363B,0x02133F3B,0x25363B3E,0x02133F36,0x363B3E39,0x02183F36
	.word 0x3C3E3917,0x02133F3C,0x3F3E1E1B,0x0A133F3F,0x3E280D24,0x0A0A3C3E,0x38101924,0x0A0A383E
	.word 0x02020202,0x070A0A04,0x0A020202,0x0707070A,0x0A0A0202,0x0707070A,0x0A0A0A02,0x07070707
	.word 0x070A0A0A,0x07070707,0x07070A0A,0x07070707,0x07070A0A,0x07070707,0x0707070A,0x07070707
	.word 0x07070707,0x0A070712,0x07070707,0x07121212,0x07070707,0x12121207,0x07070707,0x12120707
	.word 0x07070707,0x12070707,0x07070707,0x07070707,0x07070707,0x07070707,0x07070707,0x07070707

	.word 0x0202040A,0x31232B18,0x0A0A0A07,0x312B2B18,0x0A0A0712,0x30212B18,0x0A071212,0x352B3118
	.word 0x14071212,0x3431312B,0x30121212,0x393C3838,0x38311212,0x281E1016,0x28381212,0x1010100C
	.word 0x13233C31,0x26303F23,0x18133138,0x25363B35,0x23131038,0x252D343F,0x38101038,0x2526263B
	.word 0x38101038,0x25261A36,0x38282839,0x2526213C,0x39373938,0x2526303F,0x1E161010,0x36363B37
	.word 0x2D252525,0x36363333,0x25252525,0x25252525,0x25252525,0x25252525,0x25252525,0x25252525
	.word 0x25252525,0x25252525,0x25252525,0x25252525,0x2D2D2525,0x2525252D,0x25252D33,0x3333332D
	.word 0x33333636,0x2525252D,0x25252525,0x25252525,0x25252525,0x25252525,0x25252525,0x25252525
	.word 0x25252525,0x25252525,0x25252525,0x25252525,0x25252525,0x25252525,0x2D253333,0x332D2D2D

	.word 0x2F2F292F,0x1B1B2424,0x2F291D1D,0x24242F2F,0x241B1D1D,0x2F2F2F2F,0x291D1D29,0x393A3A3A
	.word 0x3C37383C,0x3C3B3B3C,0x363C3C34,0x36363636,0x2B2B2B2B,0x30262626,0x20202020,0x20202020
	.word 0x1B1B1B1B,0x1B1B1B1B,0x1B242424,0x1B1B1B1B,0x24242424,0x24242424,0x242F2F2F,0x2F242424
	.word 0x3A3A3A3C,0x3A3A3A3A,0x3C3C3C36,0x3C3C3C3C,0x2B2B2B30,0x2B302B2B,0x1C1C1C1C,0x1C1C1C1C
	.word 0x1B1B111B,0x2F2F241B,0x241B1B1B,0x151D2F2F,0x2F2F2424,0x0D0D1D29,0x393A2F2F,0x15151D1D
	.word 0x3A3A3A3A,0x39382937,0x3B3C3C3C,0x3C3C3C3C,0x2B303030,0x2B312B2B,0x2027271C,0x1C1C1C1C
	.word 0x3C391D1B,0x19172F39,0x2B313929,0x19192237,0x30303928,0x17191737,0x36333B38,0x2A171737
	.word 0x3633363F,0x372A223C,0x36363636,0x3437373C,0x3030302B,0x2B383A37,0x2727211C,0x2B323C34

	.word 0x2C191919,0x10232B32,0x372F1717,0x18232B31,0x282A372A,0x2B2B2B2B,0x28312C37,0x2B2B2B2B
	.word 0x2B2B2B2C,0x2B2B2B2B,0x2B2B2B2B,0x2B2B2B2B,0x2B2B2B2B,0x2B2B2B2B,0x2B2B2B2B,0x2B2B312B
	.word 0x0C0C0C13,0x23100C0C,0x0A131318,0x0903090C,0x2323232B,0x16181823,0x2B2B2B2B,0x292B2B23
	.word 0x2B2B2B2B,0x37282B2B,0x2B2B2B2B,0x2A282B2B,0x2B2B2B2B,0x2B2B2B2B,0x2B2B2B2B,0x2B2B2B2B
	.word 0x20123131,0x122B3131,0x38382910,0x35281816,0x102C2A28,0x310C0909,0x101E1E22,0x160C1016
	.word 0x1E191922,0x1E161616,0x192A2F37,0x291E1E23,0x2A373832,0x19191917,0x37322B2B,0x1E192F37
	.word 0x0A070707,0x0707070A,0x07070A0A,0x07070707,0x0A07071A,0x0407070A,0x0A070A31,0x0707070A
	.word 0x0A0A2B37,0x12070707,0x0A312C17,0x31070707,0x0A381923,0x3C070404,0x0A38191E,0x3F210704

	.word 0x3F3C3F20,0x0D0C0928,0x313E3C07,0x08100309,0x133C3B13,0x010D0302,0x03233F31,0x01080D03
	.word 0x03032C3F,0x01010D03,0x0303133C,0x01010B10,0x03020331,0x0101010D,0x10030310,0x01010108
	.word 0x01010101,0x3E1D0B01,0x01010101,0x3E3E1D01,0x01010101,0x3E3E2901,0x01010101,0x3E3E390B
	.word 0x01010101,0x3E3E390B,0x01010101,0x3E3E3E0F,0x01010101,0x3E3E3E1D,0x01010101,0x3E3E3E0F
	.word 0x0303133C,0x03030303,0x0303032B,0x03030303,0x03030323,0x03030303,0x03030335,0x03030303
	.word 0x0303233E,0x13030303,0x18313E3E,0x3F2B1309,0x3E3E3E3E,0x3E3E3E3E,0x3E3E3E3E,0x3E3E3E3E
	.word 0x1D3A3F18,0x01010101,0x393E3D02,0x01010108,0x3E3E3D02,0x0101010F,0x3E3E3F18,0x01010129
	.word 0x3E3E3E38,0x01010839,0x3E3E3E3E,0x01010839,0x3E3E3E3E,0x01010839,0x3E3E3E3E,0x01010839

	.word 0x01010101,0x030D0801,0x01010101,0x030C0D01,0x01010101,0x03030D08,0x01010101,0x03030C0D
	.word 0x08010101,0x0303030C,0x0D080101,0x03030303,0x030D0801,0x03030303,0x030C0D08,0x03030303
	.word 0x03030303,0x03030303,0x03030303,0x03030303,0x03030303,0x03030303,0x03030303,0x03030303
	.word 0x03030303,0x03030303,0x03030303,0x03030303,0x03030303,0x03030303,0x03030303,0x03030303
	.word 0x01010D0C,0x01010101,0x01080D03,0x01010101,0x080D0C03,0x01010101,0x08100303,0x01010101
	.word 0x0D030303,0x01010108,0x0C030303,0x0101080D,0x03030303,0x01080D0C,0x03030303,0x080D0C03
	.word 0x3E290801,0x03030323,0x3C390F01,0x03030303,0x383E1D01,0x03030303,0x3C3E3808,0x03030309
	.word 0x3E3E3908,0x03030323,0x3E3E3908,0x0C18313E,0x3E3E3908,0x3E3E3E3E,0x3E3E390D,0x3E3E3E3E

	.word 0x0C030303,0x1D3E3E3B,0x03030303,0x393E3E30,0x02030303,0x3E3E3E34,0x13030303,0x3E3E3E3F
	.word 0x380C0303,0x3E3E3E3E,0x3E3F2B13,0x3E3E3E3E,0x3E3E3E3E,0x3E3E3E3E,0x3E3E3E3E,0x3E3E3E3E
	.word 0x01010101,0x01010101,0x01010108,0x01010101,0x0101011D,0x01010101,0x01010829,0x01010101
	.word 0x01010839,0x01010101,0x0101083E,0x01010101,0x0101083E,0x01010101,0x0101083E,0x01010101
	.word 0x01010101,0x0B0B0101,0x01010101,0x0B010101,0x01010101,0x0B010101,0x01010101,0x0B0B0101
	.word 0x01010101,0x0B0B0101,0x01010101,0x0B0B0B01,0x01010101,0x0B0B0B01,0x01010101,0x0B010101
	.word 0x110B0B0B,0x1B1B1111,0x110B0B0B,0x1B1B1111,0x0B0B0B0B,0x1B1B1111,0x0B0B0B0B,0x1B111111
	.word 0x0B0B0B0B,0x1B11110B,0x0B0B0B0B,0x1B11110B,0x0B0B0B0B,0x1B11110B,0x0B0B0B0B,0x11111111

	.word 0x16101B24,0x0A103939,0x0C15241B,0x0A313E31,0x101D241B,0x123F3C13,0x0D1B241B,0x383A230C
	.word 0x1524241B,0x3F370C0C,0x1B241B1B,0x3A2B0C10,0x1B241B1B,0x390C0C0D,0x24241B1B,0x31030C19
	.word 0x07070A0A,0x07070707,0x070A0A0A,0x07070707,0x070A0A0A,0x07070707,0x070A0A0A,0x07070707
	.word 0x070A0A10,0x07070707,0x070A0A31,0x07070707,0x070A1039,0x07070707,0x0A0A283E,0x07070707
	.word 0x07070707,0x07070707,0x07070707,0x07070707,0x07070707,0x07070707,0x07070707,0x07070707
	.word 0x07070707,0x07070707,0x07070707,0x07070707,0x311A0707,0x12283138,0x16382007,0x38311E16
	.word 0x07070707,0x07070707,0x07070707,0x07070707,0x07070707,0x07070707,0x07070707,0x07070707
	.word 0x07070707,0x07070707,0x07070707,0x07070707,0x07070A0A,0x311A2012,0x351A1831,0x31313838

	.word 0x28381212,0x0D0D1610,0x29351207,0x0D0F0D10,0x38200707,0x28151528,0x31070707,0x3C383838
	.word 0x12120707,0x3B3C3831,0x12120707,0x38313112,0x18212B31,0x38283123,0x38383131,0x38383838
	.word 0x23161616,0x383C3F38,0x34303128,0x1623383D,0x2E2E3035,0x1616313D,0x332E2E30,0x281E383B
	.word 0x332E2E2E,0x38383D36,0x3B363434,0x3D3D3B36,0x29383C3D,0x312B353C,0x1E0D1628,0x23233838
	.word 0x33363B3C,0x2D2D2D2D,0x3D383128,0x3B3B3B3B,0x381E151E,0x3838383C,0x381E2828,0x38383C3F
	.word 0x3D382929,0x3B3B3B3B,0x3C3B3C3B,0x36363634,0x2B2B3131,0x26262B2B,0x1C1C1C1C,0x1C1C1C1C
	.word 0x33253333,0x3C3B3636,0x3B3B3B3B,0x2831383D,0x3C383838,0x1E1E2837,0x3F3C3C38,0x28282837
	.word 0x3B3B3B3B,0x2C2C383D,0x36363636,0x3C3C3C3C,0x27262626,0x2B2B2B27,0x1F1C1C1C,0x1F1F2020

	.word 0x1C1C1C1C,0x1C1C1C1C,0x1C1C1C1C,0x1C1C1C1C,0x20202020,0x1C1C1C1C,0x272B2B2B,0x2B2B2727
	.word 0x34343434,0x34343434,0x34343434,0x34343434,0x34343434,0x34343434,0x34343C34,0x34343434
	.word 0x1C1C1C1C,0x181C1C1C,0x1C1C1C1C,0x1C1C1C1C,0x1C1C1C1C,0x1C1C1C1C,0x27272B2B,0x272B2B2B
	.word 0x34343434,0x34343434,0x36343434,0x36363434,0x36363634,0x36363636,0x34343434,0x34343434
	.word 0x1C27211C,0x18181C18,0x1C271F1C,0x18181818,0x1F271F1C,0x1C1C1C1C,0x2B303026,0x27272727
	.word 0x34343434,0x34343434,0x36363636,0x36363636,0x36363636,0x36363636,0x34343434,0x34343434
	.word 0x2B271F18,0x2B2B343C,0x30271F18,0x2B2B313C,0x382B1F1C,0x312B313C,0x3C342B27,0x31313138
	.word 0x3D3C3434,0x312B3138,0x3D343436,0x2B2B3138,0x3D343636,0x2B2B313C,0x3B343434,0x2B2B353C

	.word 0x3832312B,0x2B2B2B32,0x3F3F3431,0x2B2B313C,0x3E3F3831,0x2B2B313D,0x3F3F3431,0x2B2B3138
	.word 0x3434312B,0x312B2B31,0x2B2B2B2B,0x3C312B2B,0x2B2B2B2B,0x342B2B2B,0x2B2B2B2B,0x2B2B2B2B
	.word 0x2B2B2B2B,0x2B2B2B2B,0x2B2B2B2B,0x2B2B2B2B,0x2B2B2B2B,0x2B2B2B2B,0x312C3431,0x2B2B2B2B
	.word 0x353C3C31,0x2B2B2B2B,0x313C3F38,0x322B2B2B,0x383C3838,0x382B2B31,0x34342B2B,0x382B2B2B
	.word 0x2B2B2B2B,0x1922372C,0x2B2B2B2B,0x2F37342B,0x2B2B2B2B,0x28312B2B,0x2B2B2B2B,0x23282B2B
	.word 0x2B2B3131,0x232B2B2B,0x2B383F3C,0x232B2B2B,0x313C3F3F,0x232B2B2B,0x313C3F3F,0x232B2B2B
	.word 0x0A312917,0x3C380A0A,0x0A183737,0x313F130A,0x040A3831,0x183F2104,0x0A183810,0x09383504
	.word 0x0A313118,0x03313B13,0x18353110,0x03233E23,0x23382810,0x03183F31,0x18382816,0x02133F31

	.word 0x0D030209,0x01010101,0x080C0203,0x01010101,0x0B100302,0x010B0101,0x010D0302,0x01010101
	.word 0x0B0D0302,0x01010B0B,0x0B080C02,0x01010B0B,0x0B081003,0x0B010B0B,0x0B0F0D03,0x0B0B0B0B
	.word 0x01010B0B,0x01080808,0x2F1B0B0B,0x112F3939,0x3A3A2F0B,0x393A3A3A,0x3A3A3A0B,0x2F3A3A3A
	.word 0x1D291B0B,0x080F0F1D,0x01010101,0x01010101,0x01010101,0x01010101,0x01010101,0x01010101
	.word 0x01010101,0x01010101,0x01010101,0x01010101,0x0101010B,0x01010101,0x0101010B,0x01010101
	.word 0x01010101,0x01010101,0x01010101,0x01010101,0x01010101,0x01010101,0x01010101,0x01010101
	.word 0x01010101,0x01010101,0x01010101,0x01010101,0x01010101,0x01010101,0x01010101,0x01010101
	.word 0x01010101,0x01010101,0x01010101,0x01010101,0x01010101,0x08010101,0x01010101,0x0D080801

	.word 0x01010101,0x3E3E390F,0x01010101,0x3E3E3908,0x01010101,0x3E3E1D08,0x01010101,0x3E391508
	.word 0x08010101,0x3F230D0D,0x0D0D0808,0x3109030C,0x030C0D0D,0x03030303,0x03030C0C,0x03030303
	.word 0x3E3E3E3E,0x3E3E3E3E,0x3E3E3E3E,0x3E3E3E3E,0x3E3E3E3E,0x3E3E3E3E,0x3E3E3E3E,0x3E3E3E3E
	.word 0x3E3E3E3E,0x3E3E3E3E,0x3E3E3F3F,0x3E3E3E3E,0x3F3F3C23,0x3F3F3F3F,0x35230903,0x10313838
	.word 0x3E3E3E3E,0x08010829,0x3E3E3E3E,0x0D0D0829,0x3A3E3E3E,0x03100D1D,0x383E3E3E,0x03030C10
	.word 0x103C3E3E,0x03030303,0x0310393E,0x03030303,0x03031338,0x03030303,0x03030309,0x03030303
	.word 0x0303030D,0x03030303,0x03030303,0x03030303,0x03030303,0x03030303,0x03030303,0x03030303
	.word 0x03030303,0x03030303,0x03030303,0x03030303,0x03030303,0x03030303,0x03030303,0x03030303

	.word 0x03030303,0x03030303,0x03030303,0x03030303,0x03030303,0x03030303,0x18090303,0x03030910
	.word 0x23162310,0x0303161E,0x17191916,0x03031617,0x17171909,0x0303091E,0x282C0903,0x03030309
	.word 0x03030303,0x0D0C0303,0x03030303,0x0C030303,0x03030303,0x03030303,0x03030303,0x03030303
	.word 0x03030303,0x03030303,0x03030303,0x03030303,0x03030303,0x03030303,0x03030303,0x03030303
	.word 0x3E3E380D,0x3E3E3E3E,0x3E3E280D,0x3E3E3E3E,0x3E39160C,0x3E3E3E3E,0x3F230303,0x3E3E3E3E
	.word 0x38090303,0x3E3E3E3E,0x0C030303,0x3E3F3F38,0x03030303,0x3F3F3109,0x03030303,0x23130303
	.word 0x3E3E3E3E,0x3E3E3E3E,0x3E3E3E3E,0x3E3E3E3E,0x3E3E3E3E,0x3E3E3E3E,0x3E3E3E3E,0x393E3E3E
	.word 0x3E3E3E3E,0x163F3E3E,0x3E3E3E3E,0x03233F3E,0x3F3F3F3F,0x03031038,0x182B3131,0x03030309

	.word 0x0101083A,0x01010101,0x0101082F,0x01010101,0x0101081D,0x01010101,0x0101080D,0x01010101
	.word 0x08080D10,0x01010101,0x0D0D0C03,0x01010108,0x0C030303,0x01080D0D,0x03030303,0x080D0C0C
	.word 0x01010101,0x0B010101,0x01010101,0x39110101,0x01010101,0x3A2F0B01,0x01010101,0x391B0101
	.word 0x01010101,0x08080101,0x01010101,0x01010101,0x01010101,0x0B010101,0x01010101,0x0B010101
	.word 0x0F0F0B0B,0x11111111,0x393A3A3A,0x1111111B,0x3A3E3A3A,0x11111B3A,0x3A3A3A39,0x1111243A
	.word 0x0F08080B,0x1111111D,0x0B0B0B0B,0x1111110B,0x0B0B0B0B,0x1111110B,0x0B0B0B0B,0x1B111111
	.word 0x24241B1B,0x1803101B,0x24241B1B,0x0C0C0D24,0x24241B1B,0x0C0C1524,0x24241B1B,0x0C101D24
	.word 0x24241B1B,0x0C0D2924,0x24241B1B,0x0C0D2424,0x24241B1B,0x0C152424,0x24241B1B,0x10152424

	.word 0x0A0A383F,0x07070707,0x0A183E38,0x07070A0A,0x0A233E31,0x0A070A0A,0x0A383E16,0x0A070A0A
	.word 0x103E3913,0x0A070A0A,0x283E380C,0x21202018,0x2C3E2C0C,0x23232323,0x283E280C,0x18181818
	.word 0x0C283107,0x0D0C0C0C,0x0D153507,0x0D0C0D0D,0x0D153807,0x0D0D0F0F,0x0D153807,0x0D0D081D
	.word 0x0D1D3507,0x080D0D0F,0x0F293821,0x080D0D0D,0x0D393123,0x08080D0D,0x0D1D311C,0x08080D0D
	.word 0x16313838,0x0C0C1010,0x0C0C0D0D,0x0C0C0C0C,0x0C0D0D0D,0x0808080D,0x0D0D0D0D,0x0B0B0B08
	.word 0x08080808,0x0B0B0B08,0x08080808,0x080B0B08,0x08080808,0x08080808,0x08080808,0x08080808
	.word 0x16100C0C,0x0D1D2928,0x0C0C0D0D,0x0D0D0D0C,0x0D0D0808,0x08080D0D,0x0D080B0B,0x0808080D
	.word 0x08080B0B,0x08080808,0x08080F0B,0x0F080808,0x08080808,0x0F080808,0x08080808,0x080F0808

	.word 0x150D0D0D,0x1C233829,0x15150D0D,0x1C233829,0x15291D0D,0x23233729,0x19291D0F,0x30343929
	.word 0x291D0F08,0x34343939,0x290F0F08,0x36343C39,0x0F0F0F08,0x363C3F39,0x0F0F0F08,0x343C3929
	.word 0x1C1C1C1C,0x1C1C1C1C,0x1C1C1C1C,0x1C1C1C1C,0x1C1C1C1F,0x2020201C,0x30303230,0x30303030
	.word 0x34343434,0x34343634,0x36363436,0x36363634,0x36363636,0x36363636,0x34343434,0x34343434
	.word 0x1C1C1C1C,0x1C1C1C1C,0x1C20201C,0x1C1C1C1C,0x1F1F1F1F,0x1F1F1F1F,0x30303030,0x30303030
	.word 0x34343434,0x36363434,0x36363636,0x36363636,0x36363636,0x36363636,0x34343434,0x3C343434
	.word 0x21323737,0x27212121,0x28373737,0x1C1C1C23,0x37281616,0x1C1C232C,0x16181010,0x1C232C38
	.word 0x10101615,0x1C2C3816,0x100D1519,0x31371E10,0x0D151717,0x37281616,0x15171717,0x39150D0D

	.word 0x27212321,0x211F2321,0x1C1C1C1C,0x1C1C1C1C,0x1C1C1C1C,0x1C1C1C1C,0x1C1C1C1C,0x1C1C1C1C
	.word 0x1C1C1C1C,0x1C1C1C1C,0x1C1C1C1C,0x1C1C1C1C,0x1C1C1C27,0x1C1C1C1C,0x2B313237,0x2727272B
	.word 0x21212121,0x27212121,0x1C1C1C1C,0x1C1C1C1C,0x1C1C1C1C,0x18181C1C,0x1818181C,0x181C1818
	.word 0x1818181C,0x2B1C1C1C,0x18181C1C,0x3834231C,0x1C1C1C1C,0x16383823,0x27272127,0x23313C32
	.word 0x32272727,0x2B2B343D,0x20181818,0x2B323C34,0x18181818,0x313C3C23,0x18181C1C,0x373D311C
	.word 0x18162B31,0x3D341C18,0x27343231,0x3D311818,0x38231313,0x343C3131,0x31181823,0x2B323C3C
	.word 0x312B2B2B,0x2B2B2B2B,0x312B2B2B,0x2B2B2B2B,0x312B2B2B,0x2B2B2B2B,0x31312B31,0x2B2B2B2B
	.word 0x31313237,0x2B2B2B2B,0x31343C3C,0x2B2B2B2B,0x373C3734,0x31313134,0x3734312B,0x34343C3C

	.word 0x2B2B2B2B,0x312B2B2B,0x2B2B2B2B,0x2B2B2B2B,0x2B2B2B2B,0x2B2B2B2B,0x2B2B2B2B,0x2B2B2B2B
	.word 0x2B2B2B2B,0x2B2B2B2B,0x2B2B312B,0x2B2B2B2B,0x2B2B2B31,0x2B2B312B,0x34323234,0x34343834
	.word 0x2B323C3C,0x232B2B2B,0x2B2B3131,0x23232B2B,0x2B2B2B2B,0x232B2B2B,0x2B2B2B2B,0x272B2B2B
	.word 0x2B2B2B2B,0x2C2B2B2B,0x2B2B2B2B,0x3C32312B,0x31312B2B,0x2C3C3431,0x34323132,0x23323C3C
	.word 0x182C3116,0x02093C38,0x13313816,0x03093C3C,0x18233728,0x0203383C,0x1318382C,0x0203383C
	.word 0x13132337,0x0203383C,0x13131328,0x0203383C,0x1618131C,0x0203383C,0x1F1C1C1C,0x03093837
	.word 0x0B0B1503,0x0B0B0B0B,0x0B0B0D03,0x0B0B0B0B,0x0B0B1503,0x0B0B0B0B,0x0B0B1D0C,0x0B0B0B0B
	.word 0x0B110F0C,0x0B0B0B0B,0x11110F03,0x0B0B0B0B,0x11111503,0x0B0B0B11,0x11111503,0x0B0B0B11

	.word 0x01010101,0x01010101,0x01010101,0x01010101,0x01010101,0x0B010101,0x0101010B,0x290B0101
	.word 0x0101010B,0x390F0101,0x010B0B0B,0x1D080101,0x0B0B0B0B,0x01010101,0x0B0B0B0B,0x0101010B
	.word 0x01010101,0x01010101,0x1B0F0801,0x01010B1D,0x3A3A3929,0x0101293A,0x3A3A3A3A,0x0108293A
	.word 0x29393A3A,0x0101081D,0x08080F1D,0x01010101,0x01010101,0x08010101,0x01010101,0x08010101
	.word 0x01010101,0x0C0D0D08,0x01010101,0x030C100D,0x0D010101,0x03030C0D,0x0D0D0101,0x0303030C
	.word 0x0C0D0801,0x03030303,0x030C0D08,0x03030303,0x03030C0D,0x03030303,0x0303090D,0x03030303
	.word 0x03030303,0x03030303,0x03030303,0x03030903,0x03030303,0x03093809,0x03030303,0x092B3809
	.word 0x03030303,0x3B381803,0x03030303,0x13090303,0x03030303,0x03030303,0x03030303,0x03030303

	.word 0x2B2B0303,0x03030303,0x31300303,0x02030303,0x383B0903,0x13030309,0x38353513,0x350A1331
	.word 0x0A09313B,0x353F3C35,0x03030313,0x03131303,0x03030303,0x03030303,0x03030303,0x03030303
	.word 0x03030303,0x03030303,0x03030309,0x03030303,0x03030335,0x03030303,0x03030335,0x03030303
	.word 0x03030313,0x03030303,0x03030303,0x03030303,0x03030303,0x03030303,0x03030303,0x03030303
	.word 0x01010808,0x01010101,0x01080D0D,0x01010101,0x080D100C,0x11010101,0x0D100C03,0x08010108
	.word 0x100C0903,0x0101080D,0x0C090903,0x01010D10,0x09090903,0x01080D0C,0x09090903,0x080D0C09
	.word 0x01010101,0x0B0B010B,0x111B2911,0x0B0B0B0B,0x3A3A3A3A,0x0B0F1B39,0x3A3A3A39,0x0B113A3A
	.word 0x39291D0F,0x0F293A3A,0x0F080801,0x0B0F1B1D,0x0B0B0101,0x0B0F0F0B,0x0B0B0B01,0x110B0B0B

	.word 0x0B0B0B0B,0x1B111111,0x0B0B0B0B,0x1B111111,0x110B0B0B,0x1B1B1111,0x11110B0B,0x1B1B1111
	.word 0x11110B0B,0x1B1B1B11,0x1111110B,0x1B1B1B1B,0x11111111,0x241B1B1B,0x11111111,0x241B1B1B
	.word 0x24241B1B,0x10152424,0x2424241B,0x101D2424,0x2424241B,0x101D2424,0x2424241B,0x101D2424
	.word 0x24242424,0x101D2424,0x24242424,0x10152424,0x24242424,0x10152424,0x24242424,0x10152424
	.word 0x383E230C,0x18181810,0x293E2313,0x18181310,0x383E1610,0x13131313,0x383E1610,0x130C0C0C
	.word 0x383E1E10,0x090C0C0C,0x293E2810,0x09090C0C,0x2C3E2810,0x13131313,0x313E3116,0x1C1C1010
	.word 0x0D0D291C,0x0808080D,0x0D0D3816,0x0D08080D,0x0D0C2916,0x150D0D0D,0x0D0C2916,0x390D0D0D
	.word 0x0D0D2916,0x3A150D08,0x0B0D3910,0x39150F0B,0x111B3916,0x1E150F11,0x1D2F2F16,0x15151515

	.word 0x0D0D0D08,0x0D0D0D0D,0x160D0D0D,0x0D0D0D0D,0x13101615,0x13131010,0x1318383E,0x28161313
	.word 0x131C393E,0x3A2C1313,0x1318383E,0x3A281C18,0x13132328,0x38343423,0x1313181E,0x18232318
	.word 0x0D0D0D0D,0x0F0F0D0D,0x1616160D,0x1D1D1E16,0x18181813,0x393A3716,0x13131327,0x3A3E3C23
	.word 0x13131C37,0x393E381C,0x131C232C,0x15281613,0x131F3838,0x15161313,0x13131C1C,0x1D1E1313
	.word 0x0F0F0F08,0x232C391D,0x0F0F0D0D,0x162C3915,0x0D0D0D15,0x162C3915,0x0F0D151D,0x162C391D
	.word 0x1D1D0D15,0x1C2C391D,0x1B1D0F0D,0x1C283924,0x1B0F0F1D,0x1F27392F,0x1D1D1D1D,0x27272A39
	.word 0x231F231F,0x23232323,0x1C1C1C1C,0x1C1C1C1C,0x1C1C1C1C,0x1C1C1C1C,0x1C1C1C1C,0x1C1C1C1C
	.word 0x1C1C1C1C,0x1C1C1C1C,0x1C1C1C1C,0x1C1C1C1C,0x1F1F1F23,0x2323231F,0x27232727,0x27272727

	.word 0x21232323,0x2B272721,0x201C1C1C,0x231F2020,0x1C1C1C1C,0x1F1C1C1C,0x1C1C1C1C,0x201C1C1C
	.word 0x1C1C1C1C,0x201C1C1C,0x1C1C1C1C,0x201C1C1C,0x23232323,0x27232323,0x2B2B2B2B,0x37342B27
	.word 0x19171717,0x290D080F,0x11292424,0x0F0B0B0F,0x0B0B1D29,0x0B0B0B0B,0x0B0B0B0B,0x0B0B0B0B
	.word 0x0B0B0B0B,0x0B0B0B0B,0x0B0B0B0B,0x0B0B0B0B,0x0B0B0B0B,0x0B0B0B0B,0x0B0B0B0B,0x0B0B0B0B
	.word 0x3C373739,0x2B32373C,0x16161E15,0x3C3C3828,0x28281D0F,0x28161616,0x3739290B,0x101E2C38
	.word 0x39391D0B,0x16293739,0x39291D0B,0x1D293939,0x39290B0B,0x1D293939,0x391D0B0B,0x1D293939
	.word 0x2B2B2727,0x2B313737,0x2B273134,0x2B313737,0x32383C38,0x3C3C3937,0x3C392810,0x2831383C
	.word 0x39281010,0x0C0C1038,0x29150D0D,0x10102839,0x29290F08,0x15293929,0x39290B0B,0x2F3A3939

	.word 0x38232B2B,0x2B2B323C,0x3C343128,0x2B2B2B34,0x3C3C3737,0x2B2B3131,0x393C2C28,0x2B2B3134
	.word 0x2916130C,0x2B2B313C,0x16100C10,0x2B313439,0x0D0D0D15,0x31313839,0x15151917,0x2B2B3C29
	.word 0x312B2B2B,0x3C383432,0x2B2B2B2B,0x31312B2B,0x2B2B2B2B,0x2B2B2B2B,0x2B2B2B2B,0x2B2B2B2B
	.word 0x2B2B2B2B,0x2B2B312B,0x2B2B2B2B,0x2B2B2B2B,0x2B2B2B2B,0x312B2B2B,0x2B2B2B2B,0x3C322B2B
	.word 0x3C3C3C37,0x3C3C373C,0x343D3C2C,0x31313131,0x2B383C31,0x2B2B2B2B,0x2B343D31,0x2B2B2B2B
	.word 0x313C3C2B,0x312B2B31,0x3C3F372B,0x37343438,0x3C383C38,0x3C3C3C3F,0x31313237,0x2B303C3C
	.word 0x3C393C3C,0x18182334,0x373F3C34,0x13131827,0x31392C27,0x13163231,0x13382C27,0x272C2309
	.word 0x13383C32,0x2C180303,0x233C373C,0x10030309,0x3C373234,0x0C030A23,0x3C302B2B,0x0C132335

	.word 0x18181818,0x03133938,0x13131313,0x03103F31,0x13131313,0x03233E2B,0x13131313,0x09313E16
	.word 0x13131327,0x13373C13,0x13131C38,0x163E3113,0x13132828,0x313E1613,0x131C3816,0x393C1813
	.word 0x111B1503,0x0B0B1111,0x111B0D03,0x0B111111,0x111B1003,0x11111111,0x1B1D0C03,0x11111111
	.word 0x1B150C03,0x1111111B,0x1B0D0C0C,0x11111B1B,0x1D100C0C,0x1B1B1B1B,0x15100C10,0x1B1B1B1B
	.word 0x0B0B0B0B,0x01010B0B,0x0B0B0B0B,0x0B0B0B0B,0x0B0B0B0B,0x0B0B0B0B,0x0B0B0B11,0x0B0B0B0B
	.word 0x0B0B1111,0x0B0B0B0B,0x11111111,0x0B0B0B0B,0x11111111,0x0B0B1111,0x1111111B,0x11111111
	.word 0x01010101,0x0D010101,0x0101010B,0x10080101,0x01010B0B,0x0C0D0801,0x01010B0B,0x09100801
	.word 0x010B0B0B,0x090C0D08,0x0B0B0B0B,0x09090D08,0x0F0B0B0B,0x09091008,0x0F0F0B0B,0x09131015

	.word 0x0303090C,0x03030303,0x03090909,0x03030303,0x09090909,0x03030303,0x09090909,0x03030909
	.word 0x09090909,0x09090909,0x09090909,0x09090909,0x09090909,0x09090909,0x09090909,0x09090909
	.word 0x03030303,0x03030303,0x03030303,0x03030303,0x03030303,0x03030303,0x03030303,0x03030303
	.word 0x03030303,0x03030303,0x03030909,0x03030303,0x03090909,0x03030303,0x09090909,0x03090909
	.word 0x03030303,0x03030303,0x03030303,0x03030303,0x03030303,0x03030303,0x03030303,0x03030303
	.word 0x03030303,0x03030303,0x03030303,0x03030303,0x03030303,0x09090903,0x09090303,0x09090909
	.word 0x03030303,0x09030303,0x03030303,0x09030303,0x03030303,0x09090303,0x03030303,0x09090903
	.word 0x03030303,0x09090909,0x09090909,0x09090909,0x09090909,0x09090909,0x09090909,0x09090909

	.word 0x09090909,0x0D100909,0x09090909,0x0D0C0909,0x09090909,0x100C0909,0x09090909,0x130C0909
	.word 0x09090909,0x13131309,0x13090909,0x13131313,0x13130909,0x13131313,0x13131313,0x13131313
	.word 0x0B0B0B0B,0x11110B0B,0x0B0B0B0F,0x1111110B,0x0B0B0F15,0x11111111,0x110B0F0D,0x11111111
	.word 0x11110F10,0x1B111111,0x11111513,0x1B1B1111,0x1D1D1613,0x1B1B1B11,0x1B171013,0x241B1B1B
	.word 0x1B111111,0x241B1B1B,0x1B1B1111,0x2424241B,0x1B1B1B11,0x2424241B,0x1B1B1B11,0x2424241B
	.word 0x241B1B1B,0x24242424,0x24241B1B,0x24242424,0x2424241B,0x24242424,0x24242424,0x24242424
	.word 0x24242424,0x160D2424,0x24242424,0x160D1B24,0x24242424,0x160D1D24,0x24242424,0x0D0D1524
	.word 0x24242424,0x160D151B,0x24242424,0x1E0D151D,0x24242424,0x2C0D0D15,0x1B242424,0x390D1515

	.word 0x283E3810,0x18131318,0x163E3C16,0x13131313,0x18393F1E,0x13131313,0x13383E28,0x13131313
	.word 0x13283E38,0x13131313,0x13163E3A,0x13131313,0x13132C3E,0x13131313,0x1313283E,0x13131313
	.word 0x1D392718,0x0F151515,0x392C1313,0x0F1D151D,0x29181313,0x1E1E2839,0x1C131313,0x2829372C
	.word 0x13131313,0x39382718,0x13131313,0x372C1613,0x13131313,0x1E293723,0x27131313,0x150D1E37
	.word 0x13131615,0x13131313,0x13181615,0x18131313,0x1C1C1616,0x1C1C181C,0x1C1F1F1E,0x1C1F1F1F
	.word 0x2732343C,0x1F1F1F1F,0x3C3C382C,0x1F1F2B3C,0x1F341616,0x18181F34,0x132B2C31,0x13131F31
	.word 0x13131318,0x1E161818,0x18181818,0x161F1C1C,0x201C1C1C,0x2B1F1F1F,0x1F1F1F1C,0x3C342B1F
	.word 0x30271F1F,0x34373C3C,0x211F1F1F,0x342B2B34,0x18131818,0x34181F2B,0x18131313,0x32131C30

	.word 0x29191515,0x1C1C2338,0x37372C1E,0x1C1C1C23,0x27373938,0x1818181C,0x2C37393C,0x18181C23
	.word 0x29282727,0x1C233237,0x19161818,0x1C383929,0x1D282727,0x31391D1D,0x1D292937,0x37291D0F
	.word 0x201C1C1C,0x1F1F1F1F,0x1C1C1C1C,0x1C1C1C1C,0x1C1C1C1C,0x1C1C1C1C,0x1C1C1C1C,0x1C1C1C1C
	.word 0x1C1C1818,0x1C1C1C1C,0x1C1C1818,0x1C1C1C1C,0x1C1C1C1C,0x1C1C1C1C,0x1C1C1C23,0x1C1C1C1C
	.word 0x2323231F,0x2B373427,0x1F1C1C1C,0x13183834,0x341C1C1C,0x13131838,0x3C2B1C1C,0x16131323
	.word 0x2837231C,0x2A161313,0x1838311C,0x2F221813,0x132B3723,0x242F2313,0x13183C2B,0x172F2218
	.word 0x0B0B0B0B,0x0B0B0B0B,0x0B0B0B0B,0x0B0B0B0B,0x0B0B0B0B,0x0B0B0B0B,0x0B0B0B0B,0x0B0B0B0B
	.word 0x0B0B0B0B,0x0B0B0B0B,0x0B0B0B0B,0x0B0B0B0B,0x0B0B0B0B,0x0F0B0B0B,0x0B0B0B0B,0x150D0F0F

	.word 0x291D0B0B,0x1D293939,0x290B0B0B,0x1D293939,0x290B0B0B,0x1D293939,0x1D0B0B0B,0x0B29392F
	.word 0x0B0B0B0B,0x0B1D2F29,0x0B0B0B0B,0x0B1D1D1D,0x0D0D0F0F,0x0F0D1515,0x16161616,0x16161616
	.word 0x39381D0B,0x3A393939,0x39391D0B,0x39393939,0x3939290B,0x15293939,0x3939290B,0x0D1D2939
	.word 0x3939291D,0x080F1D29,0x29392F1D,0x080B0B1D,0x1D1D291D,0x0B0B0B0B,0x0B0F0F0D,0x0B0B0B0B
	.word 0x1519192A,0x2B313C2F,0x15191739,0x2B30392F,0x0F172F39,0x30303C39,0x111B3A1D,0x30303C39
	.word 0x1D2F290D,0x30303C3A,0x2F390F0D,0x343C3D3F,0x3A2F0D08,0x3B3C343C,0x3E1D0D08,0x34323137
	.word 0x2B2B2B2B,0x383C322B,0x2B2B2B2B,0x3137372B,0x2B2B3030,0x31383C30,0x30303030,0x3C3D3C30
	.word 0x302E3030,0x3C3C3430,0x30303034,0x342E2E2E,0x34343C3C,0x34343434,0x3C3C3C3C,0x3C3C3C3C

	.word 0x312B2B31,0x272B343C,0x34312B2B,0x2B2B303C,0x3D34322B,0x30303034,0x343C3C3C,0x30303030
	.word 0x3434343C,0x30343430,0x34343434,0x34343434,0x34343434,0x3C3C3C34,0x3C3C3C3C,0x3134343C
	.word 0x3C322B2B,0x10232B38,0x3C303030,0x16232B3C,0x3C302E30,0x1623313C,0x3C343434,0x16233139
	.word 0x34373434,0x2816313C,0x3232383C,0x372C2C3C,0x322B3134,0x23383C3A,0x342B2B2B,0x0A18353A
	.word 0x18273810,0x3E311818,0x1C283716,0x3C231F1C,0x1C28371E,0x321F1C1C,0x272B372C,0x27231F1F
	.word 0x2B313837,0x27272B27,0x181C2331,0x10181818,0x0C0C0C0C,0x03030C03,0x02020204,0x09030404
	.word 0x10100C28,0x1B24241D,0x10100D39,0x24241B15,0x10102C3E,0x24241910,0x101E3E3C,0x241D0D10
	.word 0x0D393F32,0x1B150D0D,0x293E3423,0x150D0D0D,0x3E2C1303,0x0D0D0D2C,0x38130909,0x0D0D2C3E

	.word 0x111B1B1B,0x11111111,0x1B1B1B1B,0x11111B11,0x1B1B1B24,0x1B1B1B1B,0x24242424,0x1B1B1B1B
	.word 0x24242424,0x1B1B2424,0x24242424,0x24242424,0x24242419,0x24242424,0x2424190D,0x24242424
	.word 0x0F111111,0x13131015,0x11111111,0x13131315,0x1D1D1111,0x13131315,0x1D1D1B1B,0x1318131E
	.word 0x1B1B1B1B,0x1318181E,0x1B1B1B1B,0x181C1C1E,0x1B1B2424,0x1C1C1C19,0x1B242424,0x1C1C1C19
	.word 0x09131313,0x09090909,0x13131313,0x09091313,0x13131313,0x13131313,0x13131313,0x13131313
	.word 0x13131313,0x13131313,0x13131818,0x13131313,0x1818181C,0x13131318,0x1C1C1C1C,0x18181818
	.word 0x09090909,0x09090909,0x09090909,0x09090909,0x09090909,0x09090909,0x13131313,0x09090909
	.word 0x13131313,0x09131313,0x13131313,0x13131313,0x13131313,0x13131313,0x13131318,0x13131313

	.word 0x09090909,0x03030303,0x09090909,0x09090909,0x09090909,0x09090909,0x09090909,0x09090909
	.word 0x09090909,0x09090909,0x13131313,0x09090909,0x13131313,0x13131313,0x13131313,0x13131313
	.word 0x03030303,0x03030303,0x03030303,0x03030303,0x09090909,0x03090909,0x09090909,0x09090909
	.word 0x09090909,0x09090909,0x09090913,0x09090909,0x13131313,0x09091313,0x13131313,0x13131313
	.word 0x03030303,0x03030303,0x03030303,0x03030303,0x03030303,0x03030303,0x09090909,0x09090909
	.word 0x09090909,0x09090909,0x09090909,0x09090909,0x09090909,0x09090909,0x13131313,0x13131313
	.word 0x03030303,0x03030303,0x03030303,0x03030303,0x03030303,0x09030303,0x09090909,0x09090909
	.word 0x09090909,0x09090909,0x09090909,0x09090909,0x13090909,0x09090909,0x13131313,0x13131313

	.word 0x03030303,0x03030303,0x03030303,0x03030903,0x09090909,0x09090909,0x09090909,0x09090909
	.word 0x09090909,0x09090909,0x09090909,0x09090909,0x13090913,0x13131313,0x13131313,0x13131313
	.word 0x09030303,0x09090903,0x09090909,0x09090909,0x09090909,0x09090909,0x09090909,0x09090909
	.word 0x09090909,0x09130909,0x13131309,0x13131313,0x13131313,0x13131313,0x13131313,0x13131313
	.word 0x09090909,0x09090909,0x09090909,0x09090909,0x09090909,0x09090909,0x09090909,0x13131313
	.word 0x13131313,0x13131313,0x13131313,0x13131313,0x13131313,0x13131313,0x13181313,0x18181818
	.word 0x09090909,0x13131309,0x09090909,0x13131313,0x13131309,0x13131313,0x13131313,0x13131313
	.word 0x13131313,0x18131313,0x13131313,0x1C181818,0x18181813,0x1C1C1C18,0x1C1C1C18,0x1C1C1C1C

	.word 0x13131313,0x13131313,0x13131313,0x18181313,0x13131313,0x1C181818,0x18181313,0x1C1C1C18
	.word 0x1C181818,0x1C1C1C1C,0x1C1C1C18,0x1C1C1C1C,0x1C1C1C1C,0x1F1F1C1C,0x1C1F1F1C,0x1F1F1F1C
	.word 0x1B171C18,0x241B1B1B,0x1B191C18,0x24241B1B,0x1B191C1C,0x24242424,0x241E1C1C,0x24242424
	.word 0x241E1C1C,0x24242424,0x241E1C1C,0x24242424,0x24191C1F,0x24242424,0x24191F1F,0x24242424
	.word 0x24242424,0x24242424,0x24242424,0x24242424,0x24242424,0x24242424,0x24242424,0x24242424
	.word 0x24242424,0x24242424,0x24242424,0x29242424,0x24242424,0x3E3A2F24,0x24242424,0x3C3F3E3A
	.word 0x15242424,0x3E2C1515,0x151D2424,0x3E391515,0x15191B24,0x3C3E2C1E,0x1E151924,0x3C3E3F1E
	.word 0x29191517,0x131C313C,0x3F3E3929,0x312B2316,0x38383B3E,0x383C3C3C,0x38343438,0x3B383834

	.word 0x1C1C233C,0x1C1C1C1C,0x1F1F2328,0x231F2323,0x1F1C2323,0x1F1F1F1C,0x27323C3C,0x27272727
	.word 0x3B31130C,0x31312B32,0x1818232B,0x1010313C,0x2B343534,0x0C233820,0x34343838,0x183B2035
	.word 0x37231C1C,0x0D0D0C1E,0x292C2323,0x0D0D1610,0x1D382323,0x0D0D0D0D,0x2938272B,0x29151515
	.word 0x372C3231,0x37393939,0x2B232310,0x27323C3C,0x130A0A0C,0x1F23372B,0x0A0A0A0A,0x1F1F3C2B
	.word 0x13233915,0x1313311F,0x13233715,0x18273118,0x13133829,0x32301C13,0x13132337,0x1F181313
	.word 0x13131827,0x13131313,0x1313181C,0x13131313,0x18181C1F,0x13131818,0x181C1F1F,0x18181818
	.word 0x20131313,0x2C181330,0x301C1813,0x371C1323,0x27302B27,0x371C1318,0x181C2727,0x34181313
	.word 0x13131313,0x1F181813,0x13131313,0x1C181813,0x18181813,0x1C1C1818,0x18181818,0x1F1C1C18

	.word 0x1D0D1529,0x37291D1D,0x0D0D0D15,0x37291D0F,0x0D0D1515,0x38391D15,0x15151529,0x2C373719
	.word 0x37293737,0x32383739,0x3C373427,0x27272837,0x37271F1F,0x18181C2C,0x371F1F1F,0x18181831
	.word 0x2323232B,0x23232323,0x272B2B28,0x2B2B2727,0x2727272B,0x312B2727,0x2B2B2B2B,0x342B2B2B
	.word 0x32323232,0x37323232,0x2B2B2B27,0x3732312B,0x2316101C,0x3C282723,0x2C28161C,0x383C3729
	.word 0x13133534,0x172F2A16,0x1313283C,0x1722371E,0x1813233C,0x17172F22,0x1C13103C,0x17172F2A
	.word 0x2313183C,0x1717242A,0x16131837,0x1816161E,0x13131335,0x13131313,0x13131318,0x16101313
	.word 0x151D1D0B,0x16161616,0x38393929,0x18181823,0x3E3E3E3A,0x18182338,0x3E3E3E3E,0x18182B3F
	.word 0x3E3E3E3E,0x1818313F,0x3E3E3E3E,0x1818313F,0x3F3E3E3A,0x1818233C,0x3C3F3A3A,0x18181C31

	.word 0x18181810,0x18181818,0x18181818,0x13181818,0x18181818,0x13181818,0x18181818,0x18181818
	.word 0x18181818,0x18181813,0x18181818,0x18181018,0x10181818,0x181E2219,0x1618231C,0x16292424
	.word 0x0F0D1610,0x0B1D1D0B,0x0D161013,0x0B1D1D0F,0x16101818,0x0B0B0F0D,0x18131818,0x0B0F1516
	.word 0x18181818,0x0F151618,0x18181818,0x151E1618,0x18181818,0x39393827,0x16181818,0x3E3E3E39
	.word 0x3A0D0D0B,0x312B3138,0x390D0D0F,0x2B2B3137,0x290D0D0B,0x2B2B3137,0x290D0D0B,0x2B2B313C
	.word 0x1D0D080B,0x3131313C,0x280D0D0F,0x31313139,0x15100D1D,0x3431383A,0x10101539,0x3C3C3A38
	.word 0x34343231,0x34343434,0x31313131,0x31313131,0x3231312B,0x31313232,0x3C383131,0x3C3C3C3C
	.word 0x383C2C31,0x2C2C2C2C,0x16383731,0x10161016,0x13163737,0x13131313,0x13131637,0x0C0C0A0A

	.word 0x32343434,0x2B2B2B2B,0x31313131,0x2B2B2B2B,0x34343231,0x2B2B2B32,0x3C3C3C3C,0x2B2B2B32
	.word 0x3C372C2C,0x2B2B2B31,0x37231010,0x2B2B3134,0x27131313,0x3434373C,0x130C0C0C,0x38383116
	.word 0x382B2B2B,0x2626303C,0x3C312B2B,0x26263034,0x3F352B2B,0x26262634,0x3D38312B,0x34343534
	.word 0x343C312B,0x2B272323,0x16383831,0x18181018,0x0C163737,0x0C0C0C0C,0x090C1631,0x13090309
	.word 0x1A262626,0x34302126,0x26262626,0x182B382E,0x34302626,0x09091335,0x323C2E2E,0x352B1313
	.word 0x1338322B,0x3835352B,0x311C3810,0x3B343535,0x35353531,0x383B3435,0x35343538,0x343C3C35
	.word 0x322C3838,0x0D2C3E3F,0x23181313,0x383E3C32,0x13181813,0x1C131313,0x30343C35,0x232B3135
	.word 0x3535353C,0x35353535,0x35353534,0x34353535,0x34353535,0x36343434,0x35353535,0x3D363434

	.word 0x2411150D,0x24242424,0x190D0D1E,0x2424241B,0x0D2C3934,0x24241B15,0x373F382B,0x241D1515
	.word 0x3E3D3434,0x19151529,0x3F3D3D3B,0x1515193E,0x3D3D3D3B,0x1519393E,0x3D3D3D3B,0x373E3E3F
	.word 0x24242424,0x1C1C1622,0x24242424,0x1C1C2329,0x24242424,0x1F1F1E24,0x24242424,0x1F232224
	.word 0x2424241B,0x1F232424,0x24241D15,0x1C222424,0x1D191515,0x19242424,0x15151522,0x29241B19
	.word 0x1C1C1C1C,0x1C1C1C1C,0x1C1C1C1C,0x1C1C1C1C,0x1F1F1C1F,0x1C1C1C1C,0x1F1F1F1F,0x1F1C1C1F
	.word 0x1F1F1F1F,0x1F1F1F1F,0x1F1F1F1F,0x1F1F1F1F,0x1F1F1F1F,0x1F1F1F1F,0x1F1F1F27,0x1F1F1F1F
	.word 0x18181818,0x18181818,0x1C1C1C1C,0x18181C1C,0x1C1C1C1C,0x1C1C1C1C,0x1C1C1C1F,0x1C1C1C1C
	.word 0x1C1C1F1F,0x1C1C1C1C,0x1F1F1F1F,0x1F1F1C1F,0x1F1F1F1F,0x1F1F1F1F,0x1F1F1F1F,0x1F1F1F1F

	.word 0x13131318,0x13131313,0x18181818,0x13181813,0x1C1C1C1C,0x18181C18,0x1C1C1C1C,0x1C1C1C1C
	.word 0x1C1C1C1C,0x1C1C1C1C,0x1F1F1F1F,0x1F1F1F1C,0x1F1F1F1F,0x27271F1F,0x1F1F1F1F,0x3D3F3C1F
	.word 0x13131313,0x13131313,0x13131313,0x13131313,0x18181818,0x13181818,0x1C1C1C1C,0x181C1C1C
	.word 0x1C1C1C1C,0x1C1C1C1C,0x1F1F1F1F,0x1C1F1F1F,0x1F1F1F27,0x1F1F1F1F,0x343C3F3F,0x1F1F1F2B
	.word 0x13131313,0x13131313,0x13131313,0x13131313,0x13181313,0x13131813,0x18181818,0x18181818
	.word 0x1C1C1C1C,0x1C1C1C1C,0x1C1C1C1C,0x1C1C1C1C,0x1F1F1C1F,0x1C1F1C1F,0x1F1F1F1F,0x1F1F1F1F
	.word 0x13131313,0x13131313,0x13131313,0x13131313,0x13131813,0x18181313,0x18181818,0x18181818
	.word 0x1C1C1C1C,0x1C1C1C1C,0x1C1C1C1C,0x1C1C1C1C,0x1C1C1C1C,0x1C1F1C1C,0x1F1F1F1F,0x1F1F1F1F

	.word 0x13131313,0x13131313,0x13131313,0x13131313,0x18131313,0x18181818,0x1C1C1C18,0x1C1C1C1C
	.word 0x1C1C1C1C,0x1C1C1C1C,0x1C1C1C1C,0x1C1C1C1C,0x1F1F1C1C,0x1F1F1F1F,0x1F1F1F1F,0x1F1F1F1F
	.word 0x13131313,0x18131313,0x18131818,0x1C181818,0x1C1C1C1C,0x1C1C1C1C,0x1C1C1C1C,0x1C1C1C1C
	.word 0x1C1C1C1C,0x1F1C1C1C,0x1F1F1F1C,0x1F1F1F1F,0x1F1F1F1F,0x342B1F1F,0x2B1F1F1F,0x3F3F3F3C
	.word 0x18181818,0x1C1C1C18,0x1C1C1C1C,0x1C1C1C1C,0x1C1C1C1C,0x1C1C1C1C,0x1F1F1C1F,0x1F1F1F1F
	.word 0x1F1F1F1F,0x1F1F1F1F,0x2B27271F,0x1F1F1F27,0x3F3F3F3C,0x1F1F343F,0x38383C3D,0x1F343B34
	.word 0x1C1C1C1C,0x1C1C1C1C,0x1F1C1C1C,0x1F1F1F1F,0x1F1F1C1C,0x1F1F1F1F,0x1F1F1F1F,0x1F1F1F1F
	.word 0x1F1F1F1F,0x1F1F1F1F,0x1F1F1F1F,0x1F1F1F1F,0x1F1F1F1F,0x1F1F1F1F,0x1F1F1F1F,0x1F1F1F1F

	.word 0x1F1F1F1C,0x1F1F1F1F,0x1F1F1F1F,0x1F1F1F1F,0x1F1F1F1F,0x1F1F1F1F,0x1F1F1F1F,0x1F1F1F1F
	.word 0x1F1F1F1F,0x1F1F1F1F,0x1F1F1F1F,0x1F1F1F1F,0x1F1F1F1F,0x1F1F1F1F,0x1F1F1F1F,0x3C311F1F
	.word 0x24221F1F,0x24242424,0x24221F1F,0x24242424,0x242A231F,0x24242424,0x24241E1F,0x24242424
	.word 0x24242C1F,0x1B242424,0x24242427,0x171D1B24,0x2229292C,0x19191917,0x3A3E3A3F,0x29222939
	.word 0x39242424,0x34383F3E,0x3E2F2424,0x3B3D3D3E,0x3E292424,0x3D3D3D3D,0x3E2C1B24,0x3D3D3D3D
	.word 0x3E291917,0x3D3D3D3D,0x3E371519,0x3D3D3D3D,0x3E3E3719,0x3D3D3D3D,0x3E3E3E3A,0x3D3D3D3D
	.word 0x38343438,0x38383438,0x38343438,0x34383438,0x3838343B,0x38383438,0x38343B3D,0x38353538
	.word 0x38363D3D,0x312B3138,0x343D3D3D,0x2B1A3138,0x3B3D3D3D,0x2B2B3838,0x3D3D3D3D,0x2B313838

	.word 0x3834383B,0x36313038,0x35383B38,0x3B353435,0x2B3C3C38,0x3C343531,0x353F3838,0x38343523
	.word 0x3F363834,0x34343131,0x3B343835,0x38343038,0x36383831,0x3838343F,0x38383835,0x3636363F
	.word 0x26212B26,0x1F2B3D30,0x26263038,0x1F343B30,0x3030353F,0x303D3430,0x3434383F,0x3C373034
	.word 0x23273F3B,0x31272727,0x101E3E36,0x18181818,0x0C283F36,0x0C0C1313,0x0C383B36,0x0A0A0A0C
	.word 0x1F1F1F1F,0x1C1C1C1C,0x1F1F1F1F,0x1F1F1F1F,0x1F1F1F1F,0x1F1F1F1F,0x1F1F2B34,0x1F1F1F1F
	.word 0x373C3F37,0x32323234,0x37392C10,0x37373737,0x39311813,0x19192229,0x23130A0A,0x19293937
	.word 0x1C1C1C1C,0x1F1F1F20,0x1F1F1F1F,0x1F1F1F1F,0x1F1F1F1F,0x271F1F1F,0x1F1F1F1F,0x3C373227
	.word 0x37343232,0x3A3A3937,0x28293837,0x39291515,0x15151515,0x2915150D,0x15151515,0x19151515

	.word 0x3C321F1F,0x231C1827,0x373C301F,0x382C2828,0x393A3F37,0x1D1D2938,0x29393A3A,0x1D1D1D1D
	.word 0x2F392937,0x37392F29,0x2F1E1828,0x161E2F3A,0x1D1E1629,0x181E3729,0x1D192C39,0x18282F1D
	.word 0x1D292932,0x1838391D,0x0F0F1D29,0x13233929,0x291D1D0F,0x13133139,0x39392F29,0x13131639
	.word 0x3C282829,0x10131331,0x3C231010,0x1E1C1323,0x39281018,0x191E1310,0x37311818,0x19191610
	.word 0x13041313,0x19191E10,0x23131304,0x19191919,0x191E1813,0x19191919,0x19191E16,0x19191919
	.word 0x1919191E,0x19191919,0x19191919,0x19191919,0x19191919,0x17191919,0x19191919,0x17191919
	.word 0x2B34382C,0x1818181C,0x18101616,0x18181818,0x18181810,0x18181818,0x18181810,0x18181818
	.word 0x18181010,0x18181818,0x181C1010,0x18181818,0x1C1C1C1C,0x1818181C,0x1C1C1C1C,0x1818181C

	.word 0x16163727,0x10283A2F,0x37373723,0x1C283A37,0x27271618,0x343C3416,0x18181818,0x2C311618
	.word 0x18181818,0x18181818,0x18181818,0x18181818,0x18181818,0x18181818,0x18181818,0x18181818
	.word 0x2C101818,0x3E3E3E3E,0x3810102B,0x3E3E3E3A,0x38102337,0x3E3E3E3A,0x28181827,0x3E3E3E3A
	.word 0x16181818,0x393A3A38,0x18181818,0x192C2816,0x18181818,0x1E161018,0x18181818,0x1E161818
	.word 0x1010283A,0x32373A1E,0x1016293E,0x31383810,0x1016293E,0x3A391610,0x161E1539,0x3A311010
	.word 0x1E0D0D28,0x3A160C16,0x1E151E1E,0x39101016,0x15191919,0x3810101E,0x15191919,0x3810101E
	.word 0x13181628,0x0C0C0C13,0x38383738,0x1318272C,0x39393939,0x313C3939,0x29292929,0x39392929
	.word 0x1D292929,0x29291D1D,0x29292939,0x1D1D2929,0x3A3A3A3E,0x1D292939,0x3435343F,0x1D383A3C

	.word 0x0C0C0C0C,0x13130C0C,0x0A0A0A0C,0x0A0A0A0A,0x1A1A2023,0x1A1A1A1A,0x2630353C,0x26262626
	.word 0x1A2B3B39,0x1A1A1A1A,0x2B3C381D,0x1A1A1A1A,0x38380D0D,0x1A1A1A2B,0x39150D0D,0x07121235
	.word 0x0C0C0C0C,0x31090C0C,0x030C0A0A,0x3C0C0C0A,0x14122020,0x3F2B1414,0x26262626,0x3B362121
	.word 0x0712121A,0x363F140A,0x0A07071A,0x363F210A,0x0A0A0A12,0x363F350A,0x0A0A0A0A,0x363B3404
	.word 0x34343838,0x35343D38,0x34343838,0x3534363B,0x38383438,0x3538343D,0x3B343436,0x3538343B
	.word 0x3D383436,0x35383836,0x3D363636,0x34383838,0x3B3B3636,0x34363636,0x3B3D3636,0x36363636
	.word 0x34353535,0x3D3B3434,0x38312B31,0x3D3D3B34,0x38311A2B,0x3D3D3D36,0x3835232B,0x3D3D3D3B
	.word 0x36383131,0x3D3D3D3D,0x3B363434,0x3D3D3D3D,0x3D363636,0x133B3D3D,0x3D3B3636,0x09213D3D

	.word 0x3B3D3D3D,0x39393E3F,0x3B3D3D3D,0x16163F3D,0x3B3D3B3D,0x16163F3D,0x3D3D3D3D,0x13163F3D
	.word 0x3D3B3D3D,0x13133F3D,0x3D3D3F3D,0x350C383D,0x382B1804,0x3C31383D,0x02020202,0x103F3113
	.word 0x1729393E,0x17191515,0x3E3E3C28,0x19222939,0x2C161016,0x3A3E3E3E,0x3F2C1613,0x3939393E
	.word 0x233C3931,0x130C1318,0x0309233F,0x03030203,0x02030323,0x09090303,0x03030203,0x09090909
	.word 0x1F1F1E2A,0x1F1F1F1F,0x27191719,0x1F1F1F1F,0x2C292F39,0x1F1F272B,0x3E3E3E3F,0x32373C3F
	.word 0x3F352318,0x3E3E3E3E,0x18090303,0x2C393F38,0x09090909,0x283A3109,0x09090909,0x3F310909
	.word 0x1F1F1F1F,0x1F1F1F1F,0x1F1F1F1F,0x1F1F1F1F,0x1F1F1F1F,0x1F1F1F1F,0x1F1F272B,0x1F1F1F1F
	.word 0x373C3F3F,0x27272B34,0x3E3E3834,0x3F3E3E3E,0x3A3E3823,0x39392F39,0x2F393A3E,0x37242424

	.word 0x271F1F1F,0x3435383C,0x3C1F1F1F,0x38383534,0x38341F1F,0x3B383835,0x353B271F,0x36363834
	.word 0x35303C1F,0x343B3434,0x352B383C,0x34383B34,0x3518313E,0x34343636,0x342B313C,0x3134343B
	.word 0x3F3F3B38,0x2B383F3F,0x34343C3B,0x3F3C3834,0x34343436,0x34343434,0x34343434,0x3B363434
	.word 0x34343434,0x3B3B3434,0x34343434,0x3B3B3B34,0x34343535,0x3B3B3B36,0x3434302B,0x3B3B3B3B
	.word 0x1F1F1F1F,0x1F1F1F1F,0x1F1F273C,0x1F1F1F1F,0x1F273C3D,0x1F1F1F1F,0x1F343D3B,0x1F1F1F1F
	.word 0x1F3C3D3B,0x1F1F1F1F,0x273F3D3B,0x1F1F1F1F,0x2B3F3D3B,0x1F1F1F1F,0x343F3D3B,0x271F1F1F
	.word 0x1F1F1F1F,0x1F1F1F1F,0x1F1F1F1F,0x1F1F1F1F,0x1F1F1F1F,0x1F1F1F1F,0x1F1F1F1F,0x1F1F1F1F
	.word 0x1F1F1F1F,0x1F1F1F1F,0x1F1F1F1F,0x1F1F1F1F,0x1F1F1F1F,0x1F1F1F1F,0x27272727,0x27272727

	.word 0x1F1F1F1F,0x1F1F1F1F,0x1F1F1F1F,0x1F1F1F1F,0x1F1F1F1F,0x1F1F1F1F,0x1F1F1F1F,0x1F1F1F1F
	.word 0x1F1F1F1F,0x1F1F1F1F,0x1F1F1F1F,0x1F1F1F1F,0x1F1F1F1F,0x1F1F1F1F,0x1F1F2727,0x1F1F1F1F
	.word 0x3F3C271F,0x3434383B,0x343D3C1F,0x34343434,0x363D3F27,0x34343434,0x3D3D3F30,0x34343436
	.word 0x3B3D3F34,0x3434343B,0x3D3D3D34,0x34343B3D,0x3D3D3D3C,0x34343D3D,0x3B3B3D34,0x343B3D3D
	.word 0x38383C34,0x323B3534,0x383B3434,0x3D343434,0x3B343434,0x34353434,0x38343434,0x2B303836
	.word 0x34353535,0x2B35383B,0x35312331,0x31383B38,0x352B1A31,0x35363B34,0x351A1A35,0x343B3634
	.word 0x1F1F1F1F,0x1F1F1F1F,0x1F1F1F27,0x1F1F1F1F,0x1F1F1F38,0x1F1F1F1F,0x1F1F2B38,0x342B271F
	.word 0x37323D30,0x3F3F3F3C,0x3E3F3B2B,0x3F3E3E3E,0x3F3E3430,0x31182B38,0x323F3434,0x34020318

	.word 0x271F1F1F,0x3F3E3D30,0x3C271F1F,0x1323383E,0x3C3F321F,0x09090923,0x183C3F3C,0x09090909
	.word 0x09103C3E,0x09090909,0x09092B3E,0x09090909,0x0909133C,0x09090909,0x09091332,0x09090909
	.word 0x38383837,0x3E3E3E3C,0x0909090C,0x3F311809,0x03090909,0x18030303,0x09090909,0x02020303
	.word 0x09090909,0x02020909,0x09090909,0x03090909,0x09090909,0x09090909,0x09090909,0x0C090909
	.word 0x3E352C3E,0x3F3D3D3D,0x3E2B2C3E,0x18353F3F,0x38383A3C,0x02021321,0x283F3813,0x04020202
	.word 0x3F3C1302,0x1F211818,0x3F230203,0x261F273B,0x380C0909,0x2630343E,0x2B0C0C09,0x26303D3E
	.word 0x3D3D3D3F,0x3038383B,0x3D3D3D2B,0x3636363D,0x3D3D3402,0x36363B3D,0x3D3F2618,0x36363D3D
	.word 0x3D3D1F21,0x363B3D3D,0x3D362E26,0x3B3B3D3D,0x3D342630,0x3B3D3D3D,0x3D342626,0x3B3D3D3D

	.word 0x36383835,0x36363B3B,0x36383838,0x36363F36,0x36363636,0x3B3B3D36,0x36363636,0x3B3D3B3B
	.word 0x3B3B3B3B,0x3B3F3B3B,0x3B3B3B3B,0x3B3F3B3B,0x3B3B3B3B,0x3D3F3B3B,0x3B3B3B3B,0x3D3D3B3B
	.word 0x103E3636,0x0A0A0A0A,0x2B3F3636,0x0A0A0A0A,0x383F3636,0x1A211A20,0x3F3B3B3B,0x26261A31
	.word 0x3E3B3B3B,0x12120712,0x3E3B3B3B,0x07070A1A,0x3E3B3D3B,0x0A0A0A31,0x3F3B3B3B,0x0A0A0A35
	.word 0x0A0A0A0A,0x2F393118,0x0A0A0A0A,0x3A34130A,0x21212121,0x34362626,0x26262626,0x30362626
	.word 0x1A1A1212,0x362E261A,0x261A1212,0x2D262626,0x1A121207,0x26262626,0x07070707,0x1A1A1A12
	.word 0x15191D29,0x19151515,0x2229373A,0x29192822,0x373C3732,0x37393737,0x34271F1F,0x2B2A3C3D
	.word 0x3C322730,0x1F323B3B,0x2E363636,0x3C3C2E2E,0x26262626,0x2E2D2626,0x26261A1A,0x26262626

	.word 0x0F1D2939,0x10282F19,0x15152239,0x10162929,0x2816232C,0x18183137,0x3C2B1C23,0x20212638
	.word 0x343C3227,0x26262630,0x26343B3C,0x26262626,0x2626302E,0x26262626,0x26262626,0x26262626
	.word 0x38341818,0x19191E10,0x37381018,0x1919191E,0x39381010,0x19191919,0x39341818,0x17171917
	.word 0x3A352326,0x17171717,0x3F302626,0x17171722,0x3F2E2626,0x17171729,0x3B302626,0x17171739
	.word 0x19191919,0x17191919,0x19191919,0x17171717,0x17171719,0x17171717,0x17171717,0x17171717
	.word 0x17171717,0x17171717,0x17171717,0x17171717,0x17171717,0x17171717,0x17171717,0x17171717
	.word 0x1C1C1C1C,0x1C1C1C1C,0x1C1C1C1C,0x1C1C1C1C,0x1C1C1F1F,0x1C1C1C1C,0x1F1F1F1F,0x1C1C1C20
	.word 0x1F1F1F1F,0x1F1F1F1F,0x1F1F1F27,0x1F1F1F1F,0x27271F27,0x1F1F1F1F,0x27272727,0x27271F27

	.word 0x1818181C,0x18181818,0x18181C1C,0x18181818,0x1C1C1C1C,0x1C1C1C1C,0x1C1C1C1C,0x1C1C1C1C
	.word 0x1C1C1C1C,0x1C1C1C1C,0x1F1F1F1F,0x1C20201C,0x1F231F1F,0x1F1F1F1F,0x1F272727,0x1F1F1F1F
	.word 0x18181818,0x23101818,0x18181818,0x10181818,0x18181818,0x1C181818,0x1C1C1C1C,0x1C1C1C1C
	.word 0x1C1C1C1C,0x1C1C1C1C,0x1C1C1C1C,0x20201F1C,0x1F1F1F1F,0x1C1F1F1F,0x1F1F1F1F,0x181C1F1F
	.word 0x1E19191E,0x3910101E,0x161E1E16,0x3E1E1016,0x1010101C,0x3F381010,0x18181C1C,0x3B3F2810
	.word 0x10181C1C,0x363D3716,0x1618181C,0x3C3C3F38,0x37281018,0x322C2F3A,0x39392C16,0x1E1E192C
	.word 0x30263036,0x29393C30,0x26303036,0x393D2E26,0x33333336,0x3A3C3333,0x33333336,0x3D343333
	.word 0x33333336,0x3C2E3333,0x36363434,0x3C343436,0x31312832,0x2C282831,0x161E231E,0x281E1E16

	.word 0x380D0D1D,0x0A0A0A35,0x1D0D0D1D,0x1414203C,0x1D080F29,0x2E2E343F,0x1D081D39,0x2D2E343F
	.word 0x1D0F1D39,0x2E2E363F,0x290F1D3A,0x3434363E,0x1D0F293A,0x2828383A,0x080F2939,0x161E2F29
	.word 0x0A0A0A0A,0x3B3B3B13,0x14141414,0x3B3B3F18,0x2E2E2D2D,0x3B3B3F30,0x2E2E2E2E,0x3B3D3E34
	.word 0x2E2E2E2E,0x3B3D3E34,0x34343634,0x3B3D3E3C,0x2828312B,0x3D3D3E32,0x23161616,0x3D3D3E28
	.word 0x3B3D3636,0x36363636,0x3B3D3B3B,0x3B363636,0x3B3D3B3B,0x3B3B3B3B,0x3B3D3D3B,0x3B3B3B3B
	.word 0x3B3D3D3B,0x3B3B3B3B,0x3D3D3D3D,0x3D3D3D3D,0x3D3D3D3D,0x3D3D3D3D,0x3D3D3D3D,0x3D3D3D3D
	.word 0x3D3D3636,0x1C203D3D,0x3D3D3B36,0x26263B3D,0x3D3D3B3B,0x2626363D,0x3D3D3B3B,0x2626343D
	.word 0x3D3D3D3B,0x2626343D,0x3D3D3D3D,0x262E3D3D,0x3D3D3D3D,0x3D3F3D3D,0x3D3D3D3D,0x3D3D3D3D

	.word 0x02041820,0x09353102,0x1F21211F,0x09133B21,0x30262626,0x0909313F,0x3C262626,0x0909103F
	.word 0x3F302626,0x09091338,0x3F343026,0x09090928,0x3E3B383B,0x09090916,0x3A3E3D3D,0x09090916
	.word 0x09090909,0x03030309,0x09090909,0x03030909,0x09090909,0x09090909,0x09090909,0x09090909
	.word 0x09090909,0x09090909,0x09090909,0x09090909,0x09090909,0x09090909,0x09090909,0x09090909
	.word 0x09090909,0x3C130909,0x09090909,0x2B090909,0x09090909,0x13090909,0x09090909,0x13090909
	.word 0x09090909,0x13090909,0x09090909,0x13090909,0x09090909,0x13090909,0x09090909,0x13090909
	.word 0x242F2F3F,0x39242424,0x3738383E,0x3F2F2F37,0x0402183F,0x3B342313,0x02023138,0x36210202
	.word 0x13183C31,0x36340413,0x26303D27,0x363D2626,0x26263F23,0x363D3426,0x26303F23,0x363B3626

	.word 0x36343538,0x2335343B,0x3B343434,0x31353838,0x3B363434,0x31353838,0x3B3B3636,0x31313838
	.word 0x3B3D3636,0x31313436,0x363D3636,0x31303436,0x363D3B36,0x30303636,0x363B3B36,0x36343636
	.word 0x3634311A,0x3B3B3B3B,0x3B343531,0x3B3B3B3B,0x3D363523,0x3B3B3B3B,0x3D3B342B,0x3D3B3B3D
	.word 0x3D3B362B,0x3D3D3D3D,0x3D3D3B30,0x30203B3D,0x3D3D3B36,0x2103233D,0x3D3D3B36,0x3004023B
	.word 0x343D3B3B,0x1F1F1F1F,0x343D3B3B,0x1F1F1F1F,0x343D3B3B,0x1F1F1F1F,0x343D3B3B,0x0C13181C
	.word 0x273D3D3D,0x03030309,0x233D3D3D,0x03030903,0x103F3D3B,0x03030309,0x2B3F3D36,0x03030918
	.word 0x1F1F1F1F,0x1F1F1F1F,0x1F1F1F1F,0x1F1F1F1F,0x1C1C1C1F,0x1C18181C,0x03090909,0x09090903
	.word 0x03030309,0x03030303,0x03030303,0x03030303,0x03030303,0x03030303,0x03030303,0x03030303

	.word 0x1F1F1F1F,0x1F1F1F1F,0x1F1F1F1F,0x1F1F1F1F,0x1F1C1C1C,0x1F1F1F1F,0x09090909,0x1C181313
	.word 0x09090903,0x02090909,0x09030303,0x09090909,0x09030303,0x09090909,0x03030303,0x09030303
	.word 0x3D3D3D34,0x343D3D3D,0x3D3D3F30,0x3B3B3D3B,0x3D3D3D27,0x3B3B3D3D,0x3D3D3F27,0x3D3B3D3D
	.word 0x2B3D3B18,0x3D3B3D18,0x1C3B3409,0x3D3D3002,0x233B2B09,0x3D3D2102,0x343B1809,0x3D3D2621
	.word 0x302B3138,0x363B3434,0x34303434,0x3B3B3434,0x34343636,0x3D363636,0x36363636,0x3B363636
	.word 0x3636363B,0x3B363636,0x3636363D,0x3B363636,0x36363B3D,0x3B363636,0x363B3B3D,0x3B3B3B36
	.word 0x383B3434,0x3F181318,0x3F363636,0x3F302023,0x3D36363B,0x3F343034,0x3B36363B,0x3F30263B
	.word 0x3B36363B,0x3F30303F,0x3B363B3D,0x3F26303F,0x3B3B3B3D,0x3F34383D,0x3B3B3B3D,0x3E373E3D

	.word 0x0909132B,0x09090909,0x09091323,0x09090909,0x09091323,0x09090909,0x09091327,0x09090909
	.word 0x09091327,0x09090909,0x0C13102A,0x0C0C0C0C,0x13102837,0x0C0C0C0C,0x0D15292F,0x0C131010
	.word 0x09090909,0x0C090909,0x09090909,0x0C0C0C09,0x09090909,0x0C090909,0x09090909,0x0C090909
	.word 0x09090909,0x0C0C0C0C,0x0909090C,0x0C0C0C0C,0x0C0C0C0C,0x10130C0C,0x130C0C0C,0x150D1010
	.word 0x100C0909,0x30343E3F,0x180C0C0C,0x303C3E38,0x10130C09,0x3F3E3E2C,0x16130C0C,0x3F3E3E2C
	.word 0x1E101313,0x3E3E3E2C,0x1D151013,0x3F3E3E22,0x1B0F0D0D,0x31393E22,0x1B1D0F0F,0x13383E22
	.word 0x3D34302E,0x3D3D3D3D,0x3D3F3630,0x3D3D3D3D,0x3D3D3D3D,0x3D3D3D3D,0x3D3D3D3D,0x3D3D3D3D
	.word 0x3D3D3D3D,0x3D3D3D3D,0x3D3D3D3F,0x3D3D3D3D,0x3D3D3D3F,0x3D3D3D3D,0x3D3D3F38,0x3D3D3D3D

	.word 0x3B3D3B3D,0x3F3D3D3D,0x3D3D3D3D,0x3F3D3D3D,0x3D3D3D3D,0x3F3D3D3D,0x3D3D3D3D,0x3F3D3D3D
	.word 0x3D3D3D3D,0x3F3D3D3D,0x3D3D3D3D,0x3F3D3D3D,0x3D3D3D3D,0x3F3F3D3D,0x3D3D3D3D,0x3F3F3D3D
	.word 0x3F3D3D3D,0x0A0A0A35,0x3F3D3D3D,0x20202036,0x3F3D3D3D,0x33332E3F,0x3F3D3D3D,0x3333333B
	.word 0x3E3D3D3D,0x3333333B,0x3E3D3D3D,0x3636343C,0x3E3F3D3D,0x3128282C,0x3F3F3D3D,0x1E1E1E27
	.word 0x0707070A,0x07070707,0x1A141A14,0x14141A1A,0x33333333,0x33333333,0x3333332D,0x33333333
	.word 0x33333333,0x33333333,0x36363636,0x3B363B36,0x31283131,0x32312C31,0x1E1E1E1E,0x1E1E231E
	.word 0x1A1A1414,0x261A1A1A,0x26261A14,0x26262626,0x33333333,0x33333333,0x33333333,0x33333333
	.word 0x33333333,0x36333333,0x36363636,0x3D3B3C36,0x2C2C2C2C,0x343C3C38,0x2A1E1E1E,0x13103139

	.word 0x26262626,0x26262626,0x2D2D2526,0x2D2D2D2D,0x33333333,0x33333333,0x33333333,0x33333333
	.word 0x36363636,0x33333336,0x3D3D3D3D,0x363B3B3D,0x2B23232B,0x343C3934,0x13130C0C,0x39371613
	.word 0x36262626,0x1717223A,0x2E26302D,0x17172F3F,0x36333333,0x17223A3D,0x3B363333,0x172F3A3C
	.word 0x383D3633,0x293A2B10,0x18353D36,0x37341813,0x1318383C,0x3A281313,0x1313233F,0x2F19231C
	.word 0x17171717,0x17171717,0x17171717,0x17171717,0x17171717,0x17171717,0x17171717,0x17171717
	.word 0x17171717,0x17171717,0x17171717,0x17171717,0x1717172F,0x17171717,0x17172F3A,0x17171717
	.word 0x2727272B,0x27272727,0x3234373C,0x2727272B,0x3C3C3732,0x34373C3C,0x2C2B2723,0x3A373734
	.word 0x231C1C1C,0x3A281E23,0x1C1C1C1C,0x39281610,0x1C1C1C1C,0x3928161C,0x1C1C1C1C,0x3A28161C

	.word 0x27272727,0x27272727,0x27272727,0x27271F27,0x34343434,0x34343232,0x3A3A3A3A,0x3A3A3A3A
	.word 0x1B1B1D29,0x2929291B,0x1D1D1D1D,0x1D1D0B1D,0x1D1D1D1D,0x1D1D1D1D,0x1D1D1D29,0x1D1D1D1D
	.word 0x23272727,0x2C231F1F,0x2B272727,0x3939372C,0x3F3C3C37,0x2829393E,0x373A3A39,0x161E1E2C
	.word 0x283A291D,0x10101616,0x283A1D1D,0x13131318,0x2C390F1D,0x13131318,0x3C2F0F1D,0x1A21212B
	.word 0x1E383A39,0x10101016,0x10162838,0x10101018,0x10101016,0x10101010,0x10101010,0x10101010
	.word 0x10101010,0x10101010,0x0A13130A,0x0A0A0A0A,0x0A0A0A14,0x0A0A0A0A,0x12201A20,0x12202020
	.word 0x10101010,0x16101010,0x10101010,0x10101310,0x10101010,0x10101010,0x10101010,0x160C0C0C
	.word 0x0A0A1313,0x1E0C0C0A,0x0A0A0A0A,0x310C0A0C,0x0A0A0A0A,0x39160A0A,0x20201820,0x39382B21

	.word 0x080F2939,0x1016391D,0x080F2937,0x101E3908,0x080F2939,0x1028290D,0x080F2939,0x10381D0D
	.word 0x080F2939,0x10391D0D,0x080F1D39,0x10390F0D,0x0F0B0F29,0x1639150D,0x0B0B0F1D,0x18391D0D
	.word 0x10101010,0x3D3D3F16,0x0C0C0C0C,0x3D3F3C13,0x0C0C0C0C,0x3D3F3813,0x0C0C0C0C,0x3D3F2B0C
	.word 0x0C0C0C0C,0x3D3F100C,0x0C0C0C0C,0x3F310C0C,0x0C0C0C0C,0x38130C0C,0x0C0C0C0C,0x180C0C0C
	.word 0x3D3D3F3D,0x3D3D3D3D,0x3D3F3F3D,0x3D3D3D3D,0x3D3F3F3D,0x3D3D3D3D,0x3D3F3D3D,0x3D3D3D3D
	.word 0x3D3D3D3D,0x3D3D3D3D,0x3F3F3D3D,0x3D3D3D3D,0x3F3F3D3F,0x3D3D3D3F,0x3F3F3F34,0x3D3D3F3F
	.word 0x3D3D3D3D,0x3D3D3D3D,0x3D3D3D3D,0x3D3D3D3D,0x3D3D3D3D,0x3D3D3D3D,0x3D3D3D3D,0x3D3D3D3D
	.word 0x3D3D3D3D,0x3D3D3D3D,0x3D3D3D3D,0x3F3D3D3D,0x3D3D3D3D,0x383F3D3D,0x3D3D3D3D,0x103C3F3D

	.word 0x393E3F3D,0x09091316,0x393E3F3D,0x090C101E,0x393E3E3D,0x13100D15,0x393E383F,0x0D0D0F15
	.word 0x3939163F,0x080F1D15,0x3A3C1031,0x0B0B1D19,0x3A310C13,0x0F111D19,0x3E230C0C,0x111B1922
	.word 0x09090909,0x09090909,0x09090909,0x09090909,0x0C0C0C0C,0x09090909,0x0C0C1310,0x09090909
	.word 0x10100D0D,0x0C0C0C0C,0x0D0D0808,0x0D0D0D0D,0x080B0B0B,0x08080808,0x0B0B0B11,0x0B0B0B0B
	.word 0x09090909,0x13090909,0x09090909,0x18090C09,0x09090909,0x1E130C09,0x0C0C0C0C,0x1D1E100C
	.word 0x10101010,0x1B11150D,0x0F0D0D0D,0x1B110F0F,0x0B0B0808,0x241D110B,0x0F0B0B0B,0x241B1111
	.word 0x26303F27,0x363B3B26,0x26343F34,0x3B3B3B26,0x3D3F3E37,0x3B3B3F3B,0x24393E2F,0x3B3B3E37
	.word 0x242F3A24,0x3B3D3F37,0x242F3A24,0x3B3D3F37,0x242F3A24,0x3B3D3F39,0x242F3A24,0x3D3D3E37

	.word 0x363B3B36,0x36363636,0x3B3B3D3B,0x36363636,0x3B3B3D3B,0x3B3B3B3B,0x3B3B3D3B,0x3B3B3B3B
	.word 0x3B3B3F3D,0x3B3B3B3B,0x3B3D3F3D,0x3D3B3B3B,0x3D3D3F3D,0x3D3D3B3B,0x3D3D3D3D,0x3D3D3D3B
	.word 0x3D3D3D3B,0x36211434,0x3D3D3D3B,0x360E0E34,0x3D3D3D3B,0x36260E34,0x3D3D3D3B,0x36260E34
	.word 0x3D3D3D3D,0x3B2E263B,0x3D3D3D3D,0x3B3D3D3D,0x3D3D3D3D,0x3D3D3D3D,0x3D3D3D3D,0x3D3D3D3D
	.word 0x273D3D36,0x03091827,0x1F3C3D36,0x09131F1F,0x1F343F3B,0x131F1F1F,0x1F313F3D,0x181F1F1F
	.word 0x1F273D3D,0x1F1F1F1F,0x1F273C3D,0x1F1F1F1F,0x1F27343F,0x1F1F1F1F,0x1F1F2B3F,0x1F1F1F1F
	.word 0x03030303,0x03030303,0x03030303,0x03030303,0x03030303,0x03030303,0x03030309,0x03030303
	.word 0x03030313,0x03030303,0x03030918,0x03030303,0x0303091C,0x03030303,0x0303091F,0x03030303

	.word 0x03030303,0x09030903,0x03030303,0x03030903,0x03030303,0x03030303,0x03030303,0x03030303
	.word 0x03030303,0x03030303,0x03030303,0x03030303,0x03030303,0x03030303,0x03030303,0x03030303
	.word 0x3B3C0C09,0x3D3D2626,0x3D310903,0x3D3B2630,0x3F1C0909,0x3D3B2734,0x3B130909,0x3D3F3B3D
	.word 0x34130909,0x3D3D3D3D,0x27180909,0x3D3D3D3D,0x271C0909,0x3D3D3F34,0x1F1F0909,0x3D3D3D27
	.word 0x3B3B3D3D,0x3B3B3B3B,0x3B3B3D3D,0x3B3B3B3B,0x3B3D3D3D,0x3D3B3B3B,0x3D3D3D3D,0x3D3D3D3D
	.word 0x3D3D3D3D,0x3D3D3D3D,0x3D3D3D3D,0x3D3D3D3D,0x3D3D3D3D,0x3D3D3D3D,0x3D3D3D3D,0x3D3D3D3D
	.word 0x3B3B3D3D,0x3E2F3E3D,0x3B3B3D3D,0x3A2F3E3D,0x3D3D3D3D,0x392F3E3D,0x3D3D3F3D,0x2F2F3E3D
	.word 0x3D3D3F3D,0x2F393F3D,0x3D3D3F3D,0x24393F3D,0x3D3D3F3D,0x24393F3D,0x3D3D3F3D,0x24393F3D

	.word 0x0F1D242F,0x0D0D1515,0x111B242F,0x0F0F0F0F,0x1B24242F,0x0B0B111D,0x2424243A,0x11111B1B
	.word 0x2424243A,0x1B1B1B24,0x24242F3A,0x1B242424,0x24242F24,0x24242424,0x24242424,0x24242424
	.word 0x0D0D0D0D,0x0B0F0D15,0x0B08080F,0x110B0B0F,0x0B0B0F0F,0x1111110B,0x11111111,0x1B111111
	.word 0x1111111B,0x241B1B1B,0x1B1B1B1B,0x24241B1B,0x24242424,0x24242424,0x24242424,0x24242424
	.word 0x1B1B110B,0x0C383E22,0x1D1B1B11,0x0C283E29,0x17241B1B,0x0C163E37,0x171B241B,0x0C18393A
	.word 0x291D2424,0x0C0C313E,0x39171B24,0x0C0C103F,0x3E291724,0x0C0C0C31,0x3F3A1717,0x0C0C0C10
	.word 0x3D3D3F18,0x3D3D3D3D,0x3D3F310C,0x3D3D3D3D,0x3F38130C,0x3D3D3D3D,0x3B130C0C,0x3D3D3D3F
	.word 0x230C0C0C,0x3F3F3F3B,0x0C0C0C0C,0x3F363118,0x0C0C0C0C,0x100C0C0C,0x0C0C0C0C,0x0A0A0C0C

	.word 0x3D3D3D3D,0x3F3F3F3D,0x3D3D3D3D,0x3F3F3F3D,0x3D3D3D3D,0x3F3F3F3D,0x3F3D3D3D,0x3B3E3F3F
	.word 0x3E3E3F3F,0x1023353F,0x2335383F,0x0A0A0A10,0x0A0C0C10,0x0A0A0A0A,0x0A0C0C0A,0x0C0A100A
	.word 0x313E3D3D,0x10181318,0x103C3F3F,0x0A0A0A13,0x0A103C3F,0x0A0A0A0A,0x0A0A1831,0x0A0A0A0A
	.word 0x0A0A0A0C,0x0C0A0A0C,0x0A0A0A0A,0x0A0A0A0A,0x0A0A0A0A,0x0A0A0A0A,0x0A0A0A0C,0x0A0A0A0A
	.word 0x10101818,0x10101818,0x10100A0A,0x10101010,0x10130A0A,0x18101010,0x0A0A0A0A,0x1010100A
	.word 0x0A0A0A0A,0x130A0A0A,0x0A0A0A0A,0x130A0A0A,0x0A0A0A0A,0x130A0A0A,0x0A0A0A0A,0x0A0A0A0A
	.word 0x392C1010,0x13131328,0x283C2313,0x1E161313,0x16393513,0x19192310,0x19293910,0x19191919
	.word 0x17223A23,0x19191917,0x17223A31,0x17171717,0x241B3A28,0x17171717,0x241B3A23,0x17171724

	.word 0x10161018,0x3E1E1816,0x19191E1E,0x3F2A1E19,0x19191919,0x38372919,0x19191919,0x31163922
	.word 0x17191919,0x31132C37,0x22171919,0x2713163A,0x2F171717,0x2B131837,0x3A171717,0x2C101331
	.word 0x16131338,0x1717191E,0x1E161328,0x17171919,0x19191628,0x17171717,0x19191929,0x17171717
	.word 0x17191737,0x17171717,0x17171737,0x17171717,0x1717173A,0x17171717,0x1717223A,0x17171717
	.word 0x172F3A37,0x17171717,0x2F3A3722,0x17171717,0x3A3A2417,0x1717222F,0x3A2F2217,0x172A3A3A
	.word 0x2F241717,0x373A3A3A,0x2F241717,0x3A37373A,0x2F221717,0x2F2F3A37,0x24171717,0x2F3A372F
	.word 0x1C1C1C1C,0x391E161C,0x1C1C1C1C,0x2C16231C,0x1C1C1C1C,0x1E231C1C,0x1C1C1C1C,0x161C1C1C
	.word 0x1C232323,0x23232323,0x1E1E2828,0x1E1E1E1E,0x1D1D1D1D,0x1D1D1D1D,0x1D1D1D1D,0x1D1D1D1D

	.word 0x1D1D1D2F,0x1D1D1D1D,0x1D29293A,0x1D1D1D1D,0x29293A37,0x1D1D1D29,0x393A3728,0x2929292F
	.word 0x39291E23,0x3A3A3A3A,0x1D1D1515,0x29292929,0x1D1D1D1D,0x1D1D1D1D,0x1D1D1D1D,0x1D1D1D1D
	.word 0x3E390F1D,0x363B3B3F,0x38391D1D,0x38383838,0x313E291B,0x12121212,0x1A3F3A39,0x12121212
	.word 0x1A392939,0x12121212,0x31391515,0x12121212,0x3139150D,0x12121212,0x3139150F,0x12121212
	.word 0x38363636,0x38383838,0x3C363838,0x363B3B3B,0x1A1A1A1A,0x26261A1A,0x12121212,0x12121212
	.word 0x12121212,0x12121212,0x12121212,0x12121212,0x12121212,0x12121212,0x12121212,0x12121212
	.word 0x3B3C3636,0x393E3F3F,0x3838363C,0x3E383035,0x26262626,0x3C352626,0x12121212,0x201A1212
	.word 0x12121212,0x12121212,0x12121212,0x12121212,0x12121212,0x12121212,0x12121212,0x07121212

	.word 0x0B0B0F1D,0x0A38390F,0x1D1D1D29,0x0A233929,0x3939393E,0x0712313F,0x35383835,0x0707121A
	.word 0x12121212,0x07070712,0x12121212,0x07070712,0x12121207,0x07070712,0x12120707,0x07070712
	.word 0x0A0A0A0A,0x09030C0C,0x0A0A0A0A,0x0A0A0A0A,0x0A0A0A07,0x0A0A0A0A,0x0A0A0707,0x0A0A0A0A
	.word 0x0A070707,0x0A0A0A0A,0x070A0707,0x0A0A0A0A,0x0A070707,0x120A0A0A,0x0A070707,0x26261407
	.word 0x3F382113,0x3F3F3E3E,0x180A0C0A,0x3F382B18,0x0A0A0A0A,0x20200A0A,0x0A0A0A0A,0x12121A12
	.word 0x1A140A0A,0x12121A1A,0x1A1A1A07,0x2B20201A,0x1A1A1A26,0x2C352114,0x20121A1A,0x1628342B
	.word 0x3F3F3F3F,0x0C163C3F,0x3F3E3E3E,0x0C0C1028,0x282B2320,0x030C0C0C,0x1E282012,0x0C0C0C0C
	.word 0x10283521,0x0C0C0C0C,0x0C162835,0x03030303,0x0C10161E,0x0C0C0C0C,0x0C0C1016,0x0C0C0C0C

	.word 0x3F180C03,0x1B1B152F,0x380A0C0C,0x2419193A,0x230C0303,0x1B15293E,0x0C0C0C0C,0x19193A38
	.word 0x0C0C0C0C,0x15393910,0x03030C0C,0x373E230C,0x0C0C0C0C,0x3E350C0C,0x0C0C0C0C,0x310C0C0C
	.word 0x0B111111,0x0B0B0B0B,0x11111B1B,0x11111111,0x1B1B2424,0x11111111,0x24242424,0x1B1B1B1B
	.word 0x24242419,0x24242424,0x241B1915,0x24242424,0x1B19192F,0x24242424,0x1919373E,0x24242417
	.word 0x11110B0B,0x24241B11,0x1B111111,0x2424241B,0x1B1B1B1B,0x24242424,0x24241B1B,0x24242424
	.word 0x24242424,0x24242424,0x24242424,0x24242424,0x24242424,0x24242424,0x24242424,0x24242424
	.word 0x24243A2F,0x3D3D3E2F,0x24242F2F,0x3D3D3E2F,0x2424242F,0x3D3D3E2F,0x24242424,0x3D3F3A24
	.word 0x24242424,0x3D3E3724,0x24242424,0x3F3E2F24,0x24242424,0x3E2F2424,0x24242424,0x2A242424

	.word 0x3B3D3D3D,0x3D3D3D3D,0x3D3D3F3D,0x3D3D3D3D,0x3D3D3F3D,0x3D3D3D3D,0x3D3D3D3D,0x3D3D3D3D
	.word 0x3D3D3D3D,0x3D3D3D3D,0x3D3F3D3D,0x3D3D3D3D,0x3F3F3F3F,0x3D3D3D3D,0x3E3E3E3C,0x3D3D3F3F
	.word 0x3D3D3D3D,0x3F3D3D3D,0x3D3D3D3D,0x3F3D3D3D,0x3D3D3D3D,0x3C3F3D3D,0x3D3D3D3D,0x2B3F3D3D
	.word 0x3D3D3D3D,0x27343F3D,0x3D3D3D3D,0x272B3D3F,0x3F3D3D3D,0x1F272B3F,0x3F3F3D3D,0x1F1F1F32
	.word 0x1F1F1F34,0x1F1F1F1F,0x1F1F1F2B,0x1F1F1F1F,0x1F1F1F27,0x1F1F1F1F,0x1F1F1F1F,0x1F1F1F1F
	.word 0x1F1F1F1F,0x1F1F1F1F,0x1F1F1F1F,0x1F1F1F1F,0x1F1F1F1F,0x1F1F1F1F,0x1F1F1F1F,0x1F1F1F1F
	.word 0x03091323,0x03030303,0x03091323,0x03030303,0x03091823,0x03090303,0x0909181F,0x03090303
	.word 0x09091C1F,0x09090909,0x09091C1F,0x03090309,0x09091827,0x09090909,0x09091823,0x09090909

	.word 0x03030303,0x03030303,0x03030303,0x03030303,0x03090303,0x09030303,0x03090903,0x09090303
	.word 0x03030309,0x09090903,0x03030303,0x09090903,0x09090909,0x09090909,0x09090909,0x09090903
	.word 0x1F1F0909,0x3D3F301F,0x1F1F0C09,0x3D3D271F,0x1F1F0909,0x3F2B2727,0x1F1F0909,0x3427271F
	.word 0x1F1C0909,0x2727271F,0x1F1C0909,0x27271F1F,0x27180909,0x1F1F1F1F,0x23130909,0x27271F1F
	.word 0x3D3D3D3D,0x3D3D3D3D,0x3D3D3D3D,0x3D3D3D3D,0x3D3D3D3D,0x3D3D3D3D,0x3D3D3D3F,0x3D3D3D3D
	.word 0x3D3F3F34,0x3F3F3D3D,0x3F3F3C27,0x3D3F3F3F,0x34322727,0x27273232,0x27272727,0x271F1F27
	.word 0x3D3D3F3D,0x242F3E3D,0x3D3D3F3D,0x242F3E3D,0x3D3D3F3F,0x242F3E3F,0x3E3F3F3F,0x2424373F
	.word 0x383F3E3F,0x24242A32,0x272B323C,0x24243227,0x27271F1F,0x242F1927,0x27272727,0x242F2727

	.word 0x24242424,0x24242424,0x24242424,0x24242424,0x24242424,0x24242424,0x24242F24,0x24242424
	.word 0x3A2F2424,0x2424242F,0x2F242424,0x3A3A3A3A,0x24242424,0x392F2F2F,0x24242424,0x24242424
	.word 0x24242424,0x17242424,0x24242424,0x191D1B24,0x24242424,0x3922191B,0x171B2424,0x3E3E2917
	.word 0x2F1B171B,0x23393E39,0x3E3A3A3A,0x0C10283E,0x372F393A,0x0C0C283E,0x2C292424,0x0C0C2C3E
	.word 0x313E3719,0x0C0C0C0C,0x0C383E37,0x0C0C0C0C,0x0C18383E,0x0C0C0C0C,0x0C0C1031,0x0C0C0C0C
	.word 0x0C0C0C0C,0x0C0C0C0C,0x0C0C0C0C,0x0C0C0C0C,0x0C0C0C0C,0x0C0C0C0C,0x0C0C0C0C,0x0C0C0C0C
	.word 0x0C0C0C0C,0x0A0A0C0C,0x0C0C0C0C,0x0C0A0C0C,0x0C0C0C0C,0x0A0C0C0C,0x0C0C0C0C,0x0C0C0C0C
	.word 0x0C0C0C0C,0x0A0C0C0C,0x0C0C0C0C,0x0C0C0C0C,0x0C0C0C0C,0x0A0C0C0C,0x0C0C0C0C,0x0C0C0C0C

	.word 0x0A0A0A0A,0x0A132B18,0x0C0A0C0A,0x1A202B23,0x0C0C0A0A,0x1A202B23,0x0C0C0C0A,0x1A1A3523
	.word 0x0C0C0C0A,0x21353510,0x0C0A0C0A,0x342C2310,0x0A0A0A0A,0x2816100C,0x0C0C0C0C,0x16180A0A
	.word 0x0A0A0A0A,0x0A0A0A0A,0x0A0A0A07,0x0A0A0A0A,0x0A071226,0x0A0A0707,0x0726261A,0x0A0A0707
	.word 0x261A1A1A,0x0A0A071A,0x1A1A1A26,0x07072626,0x1A1A3038,0x20261A1A,0x2B343828,0x261A1A1A
	.word 0x0A0A0A0A,0x0A0A0A0A,0x0A0A0A0A,0x1212070A,0x120A1212,0x12121212,0x12121207,0x12121212
	.word 0x12121212,0x12121212,0x07121212,0x12121212,0x12120707,0x12121212,0x0A071226,0x07071207
	.word 0x222F3912,0x17222424,0x223A3812,0x24242424,0x373F2012,0x24242422,0x3F311212,0x24222237
	.word 0x2B121212,0x242F3A39,0x12121212,0x3A3F3820,0x12121212,0x351A1212,0x12121207,0x12121212

	.word 0x3A291717,0x221E181E,0x3A2F2424,0x17191E1E,0x3A372424,0x17171919,0x3A372424,0x17171922
	.word 0x3A372F24,0x17171722,0x3A39373A,0x17171722,0x3E3F3C38,0x1717172F,0x3B2B2012,0x17171737
	.word 0x17172F3A,0x17172217,0x17172F37,0x17172F22,0x17223A2F,0x17223722,0x172F3A22,0x172A3A22
	.word 0x223A2F17,0x22373722,0x2F3A2217,0x2F3A2F22,0x3A2F1717,0x3A37242A,0x3A221717,0x372F2437
	.word 0x17171717,0x3A3A2F2A,0x17171717,0x3A2F2217,0x17171717,0x37221717,0x17171717,0x2A171717
	.word 0x17171717,0x22171717,0x17171722,0x22171717,0x1717222F,0x22221717,0x222A373A,0x2A222222
	.word 0x1D1D1D1D,0x1D1D1D1D,0x1D1D1D1D,0x1D1D1D1D,0x1D1D1D1D,0x1D1D1D1D,0x1D1D1D1D,0x1D1D1D1D
	.word 0x29292929,0x29291D29,0x29292929,0x29292929,0x29292929,0x29292929,0x29292929,0x29292929

	.word 0x1D1D1D1D,0x1D1D1D1D,0x1D1D1D1D,0x1D1D1D1D,0x1D1D1D1D,0x1D1D1D1D,0x1D1D1D1D,0x29291D1D
	.word 0x29292929,0x29292929,0x29292929,0x1D292929,0x29292929,0x1D292929,0x29292929,0x1D292929
	.word 0x353E1D0F,0x1A261A2B,0x3F3E291D,0x363B3F3F,0x28293929,0x38312828,0x100D292F,0x10101010
	.word 0x0D0F1D1B,0x16160D15,0x1D1D1D1D,0x0F1D1D1D,0x1D1D1D1D,0x151D1D1D,0x1D1D1D1D,0x16151D1D
	.word 0x1A1A1A1A,0x1A1A1A1A,0x33333636,0x33333333,0x333B3F3F,0x33333333,0x3B3F3828,0x33333333
	.word 0x3F281616,0x3333363B,0x38161615,0x3B3B3D3F,0x2816161E,0x2A2A373F,0x16101C10,0x22173739
	.word 0x1A1A1A1A,0x1A1A1A1A,0x332D3333,0x33333333,0x33333333,0x33333333,0x33333333,0x33333333
	.word 0x33333333,0x33333333,0x3B3B3B3B,0x3B3B3B3B,0x2A2A2A2A,0x2A2A2A2A,0x19191922,0x19191919

	.word 0x1A1A1A1A,0x1414121A,0x2D2D3333,0x2D2D2D2D,0x33333333,0x2D333333,0x33333333,0x33333333
	.word 0x33333333,0x33333333,0x3B3B3B3B,0x3B3B3B3B,0x2A2A2A2A,0x2C2C2C2C,0x19191919,0x19191919
	.word 0x14141414,0x1A1A261A,0x2D2D2D2D,0x1A1A1A26,0x2D333333,0x261A1A26,0x2D333333,0x34302126
	.word 0x33333333,0x28343430,0x3C3B3B3B,0x161E2C34,0x222C2C2C,0x10161E19,0x1E1E1919,0x10101016
	.word 0x30261A1A,0x1016192C,0x2C34301A,0x0C10161E,0x16282C30,0x0C0C1010,0x10161E2C,0x0C0C0C10
	.word 0x1010161E,0x10101010,0x10101010,0x0C101010,0x100C0C10,0x0C0C1010,0x10101010,0x0C0C0C10
	.word 0x0C0C0C0C,0x0C0C0C0C,0x0C0C0C0C,0x0C0C0C0C,0x0C0C0C0C,0x0C0C0C0C,0x0C0C0C0C,0x0C0C0C0C
	.word 0x10101010,0x0C0C0C0C,0x0C0C0C0C,0x0C0C0C0C,0x0C0C0C0C,0x0C0C0C0C,0x0C0C0C0C,0x0C0C0C0C

	.word 0x0C0C0C0C,0x0C0C0C0C,0x0C0C0C0C,0x0C0C0C0C,0x0C0C0C0C,0x0C0C0C0C,0x0C0C0C0C,0x0C0C0C0C
	.word 0x0C0C0C0C,0x0C0C0C0C,0x0C0C0C0C,0x0C0C0C0A,0x0C0C0C0C,0x2C161309,0x130C0C0C,0x16282928
	.word 0x22393E38,0x1B1D1919,0x3E3F280C,0x19192237,0x31100C0C,0x2F393E39,0x0C0C0C0C,0x3A3E3C16
	.word 0x0C0C0C0C,0x22393710,0x1E161610,0x172F3A28,0x2C2C3737,0x1B293A37,0x09090C13,0x1B173A2C
	.word 0x24242424,0x24242424,0x241B1D17,0x24242424,0x291B1B29,0x3A3A2F2F,0x3A3A3A3E,0x242F3A3A
	.word 0x2F2F2F2F,0x24242424,0x24242424,0x24242424,0x24242424,0x24242424,0x24242424,0x24242424
	.word 0x242F2F24,0x19242424,0x24242F2F,0x27292424,0x24242424,0x27222424,0x24242424,0x27192424
	.word 0x24242424,0x1F1E2424,0x24242424,0x1F232424,0x24242424,0x1F272224,0x24242424,0x27272224

	.word 0x3C342B27,0x3E3E3E3F,0x2727271F,0x322B2B27,0x1F1F1F1F,0x1F1F1F1F,0x1F1F1F1F,0x1F1F1F1F
	.word 0x1F1F1F1F,0x1F1F1F1F,0x1F1F1F1F,0x1F1F1F1F,0x1F1F1F1F,0x1F1F1F1F,0x1F1F1F1F,0x1F1F1F1F
	.word 0x2B3C3F3E,0x1F1F1F1F,0x1F272B32,0x1F1F1F1F,0x1F1F1F27,0x1F1F1F1F,0x1F1F1F1F,0x1F1F1F1F
	.word 0x1F1F1F1F,0x1F1F1F1F,0x1F1F1F1F,0x1F1F1F1F,0x1F1F1F1F,0x1F1F1F1F,0x1F1F1F1F,0x1F1F1F1F
	.word 0x1F1F1F1F,0x1F1F1F1F,0x1F1F1F1F,0x1F1F1F1F,0x1F1F1F1F,0x1F1F1F1F,0x1F1F1F1F,0x1F1F1F1F
	.word 0x1F1F1F1F,0x1F1F1F1F,0x1F1F1F1F,0x1F1F1F1F,0x1F1F1F1F,0x1C1F1F1F,0x1F1F1F1F,0x1C1F1F1F
	.word 0x0909181F,0x09090909,0x09091323,0x09090909,0x09091323,0x09090909,0x0909131C,0x09090909
	.word 0x0C09131C,0x09090909,0x09090913,0x0C090909,0x09090913,0x0C090909,0x0C090913,0x0C09090C

	.word 0x09090909,0x09090909,0x09090909,0x09090909,0x09090909,0x09090909,0x09090909,0x09090909
	.word 0x09090909,0x0C0C0909,0x09090909,0x0C090909,0x09090909,0x09090909,0x09090C09,0x09090909
	.word 0x1F130909,0x27271F1F,0x180C0909,0x1F271F1F,0x13090C09,0x1F1F1F1F,0x13090909,0x1F1F1F1C
	.word 0x0C0C090C,0x1F1F1F13,0x0C09090C,0x1F1F1813,0x0C090909,0x1F1C1309,0x0C0C0C0C,0x1C130C0C
	.word 0x2727271F,0x1F1F1F1F,0x271F2727,0x1F1F1F1F,0x1F271F27,0x1F1F1F1F,0x1F1F1F27,0x1F1F1F27
	.word 0x271F1F1F,0x1F1F2727,0x1F1F1F1F,0x27272727,0x27271F1F,0x27272727,0x27271F1F,0x2727271F
	.word 0x27272727,0x242A2727,0x27272727,0x242C2727,0x27272727,0x242C2727,0x27271F1F,0x24222727
	.word 0x27272727,0x24222727,0x27272727,0x24222727,0x27272727,0x242B2727,0x27272727,0x24192727

	.word 0x24242424,0x24242424,0x24242424,0x24242424,0x24242424,0x24242424,0x24242424,0x24242424
	.word 0x24242424,0x24242424,0x24242424,0x24242424,0x24242424,0x24242424,0x24242424,0x24242424
	.word 0x17242424,0x0C0C393A,0x17242424,0x0C163E37,0x17242424,0x0C283E29,0x1B242424,0x0C313E29
	.word 0x1B242424,0x10383E22,0x24242424,0x10393E22,0x24242424,0x103F3A17,0x24242424,0x163E3917
	.word 0x0C0C0C0C,0x0C0C0C0C,0x0C0C0C0C,0x0C0C0C0C,0x0C0C0C0C,0x0C0C0C0C,0x0C0C0C0C,0x0C0C0C0C
	.word 0x0C0C0C0C,0x10100C0C,0x0C0C0C0C,0x10100C0C,0x0C0C0C0C,0x0C0C0C0C,0x0C0C0C0C,0x0C0C0C0C
	.word 0x0C0C0C0C,0x0C0C0C0C,0x0C0C0C0C,0x0C0C0C0C,0x0C0C0C0C,0x0C0C0C0A,0x0C0C0C0C,0x0C0C0C0A
	.word 0x10101010,0x10101010,0x1010130C,0x10101010,0x0C0C0C0C,0x1010130C,0x0C0C0C0C,0x10100C0C

	.word 0x0C0A0A0A,0x18100C0C,0x0C0C0A0C,0x100A0A0A,0x0A0A0A0C,0x0A0A0A0A,0x0C0C0C0C,0x1010100C
	.word 0x10101010,0x18101010,0x10101010,0x10101010,0x10100C10,0x10101010,0x10101010,0x10101010
	.word 0x382C2716,0x1A1A1A30,0x311E1610,0x1A263438,0x16101010,0x30382C28,0x1010100C,0x3C2C1E16
	.word 0x10101010,0x2C1E1610,0x18101010,0x16101010,0x10101010,0x10101010,0x10101010,0x10101010
	.word 0x121A2626,0x1A142020,0x332D261A,0x33333333,0x332D2626,0x33333333,0x332D262E,0x33333333
	.word 0x332E3434,0x33333333,0x3B3C2C28,0x3B3B3B3B,0x2C221E16,0x2A2A2A2A,0x191E1610,0x19191919
	.word 0x1A1A1A1A,0x1A1A1A1A,0x33333333,0x33333333,0x33333333,0x33333333,0x33333333,0x33333333
	.word 0x33333333,0x33333333,0x3B3B3B3B,0x3B3B3B3B,0x2A2A2A2A,0x2A2A2A2A,0x17172217,0x17172217

	.word 0x36261A26,0x17172A3F,0x33333333,0x1722373D,0x33333333,0x172F3F3B,0x33333333,0x17293A36
	.word 0x36333333,0x17223A3B,0x3B3B3B3B,0x17173A3D,0x2A2A2A2A,0x17223A3C,0x22222217,0x17223A2A
	.word 0x2F171717,0x2F2F2F3A,0x17171717,0x2F2F3A37,0x17171717,0x2F3A3A22,0x17171717,0x373A2F17
	.word 0x17171717,0x3A2F1717,0x17171717,0x2F221717,0x17171717,0x24171717,0x17171717,0x17171717
	.word 0x373A3A37,0x3A372A2A,0x3A372F2F,0x2F3A3A3A,0x2F2F2F2F,0x2F2F2F2F,0x2F2F2F2F,0x2F242424
	.word 0x2F2F2F37,0x2424242F,0x2F2F373A,0x242F2F2F,0x2F3A3A37,0x24242424,0x3A3A372A,0x242F2F37
	.word 0x29292929,0x29292929,0x29292929,0x29292929,0x2F2F2929,0x392F2F2F,0x3A3A3A3A,0x3F3E3E3A
	.word 0x3B3D3D3D,0x363B3B3B,0x33333333,0x33333333,0x33333333,0x33333333,0x33333333,0x33333333

	.word 0x29292929,0x29292929,0x29292929,0x29292929,0x29293939,0x29292929,0x2F393E3F,0x29292929
	.word 0x3E3F3B36,0x2F2F393A,0x3B363333,0x3A3E3F3D,0x33333333,0x3B363636,0x33333333,0x2D2D2D33
	.word 0x1D1D1D1D,0x161E1D1D,0x1D292929,0x1C16281D,0x29292929,0x1F232829,0x29292929,0x23272829
	.word 0x29292929,0x27272C29,0x39393939,0x30323837,0x3E3F3F3D,0x3F3F3F3E,0x3636342E,0x36363636
	.word 0x16101C1C,0x1E1E2A39,0x28101C1C,0x1E1E2C3F,0x34231F20,0x1813163C,0x3F312727,0x13131331
	.word 0x383C3227,0x12121220,0x2B3D3D37,0x12121212,0x26343B3D,0x1212121A,0x2D2D2D34,0x12121A26
	.word 0x1E1E1E1E,0x1E1E1E1E,0x16161616,0x16161616,0x18181313,0x13131818,0x0A0A0A13,0x130A0A0A
	.word 0x12121212,0x12121212,0x12121212,0x12121212,0x12121212,0x12121212,0x12121212,0x12121212

	.word 0x1E1E1E1E,0x1E1E1E1E,0x16161616,0x16161616,0x13131313,0x13131313,0x13131313,0x13131313
	.word 0x12121212,0x0A0A0A0A,0x12121212,0x07121212,0x12121212,0x07121212,0x12121212,0x26120712
	.word 0x16161616,0x10101010,0x10101616,0x10101010,0x23181313,0x10101016,0x0A0A0A13,0x10101623
	.word 0x20140A0A,0x10102331,0x26261207,0x18102830,0x261A261A,0x10102830,0x261A1A26,0x10102830
	.word 0x10101010,0x0C0C0C0C,0x10101010,0x10101010,0x10101010,0x10101010,0x10101010,0x10101010
	.word 0x10101010,0x10101010,0x10101010,0x10101010,0x10101010,0x10101010,0x10101010,0x10101010
	.word 0x0C0C0C0C,0x0C0C0C0C,0x0C0C0C0C,0x0C0C0C0C,0x0C0C0C0C,0x0C0C0C0C,0x0C0C1010,0x18130C0C
	.word 0x10101010,0x31130C0C,0x10101010,0x3C101010,0x10101010,0x3F311010,0x10101010,0x38381810

	.word 0x38100C0C,0x090C1638,0x2C37160C,0x02030913,0x0C2C3916,0x02020209,0x09133838,0x02020202
	.word 0x0409183C,0x09030202,0x09090C31,0x16100903,0x0C090C16,0x0B0F1610,0x100C0C0C,0x0B0B0B0F
	.word 0x09020203,0x24173A38,0x13020202,0x24172F3F,0x18020202,0x24172F3E,0x1C090202,0x2417293E
	.word 0x1E10100C,0x241B293E,0x290F0F15,0x241B293A,0x290B0B0B,0x241B1B3E,0x290B0B0B,0x241B1B3E
	.word 0x24242424,0x24242424,0x24242424,0x24242424,0x24242424,0x24242424,0x24242424,0x24242424
	.word 0x24242424,0x24242424,0x24242424,0x24242424,0x24242424,0x1B242424,0x24242424,0x1B1B2424
	.word 0x24242424,0x27271924,0x24242424,0x1F271924,0x24242424,0x1F1F1E29,0x24242424,0x1F1F2329
	.word 0x1B242424,0x1F1C1622,0x1B1B1B24,0x1C1C1815,0x1D1B1B1B,0x18181015,0x11111111,0x18131015

	.word 0x1F1F1F1F,0x1F1F1F1F,0x1F1F1F1F,0x1F1F1F1F,0x1F1F1F1F,0x1F1F1F1F,0x1F1F1F1F,0x1F1F1F1F
	.word 0x1F1F1F1F,0x1F1F1F1F,0x1F1F1F1C,0x1F1F1F1F,0x1F1C1C1C,0x1F1F1F1F,0x1C1C1818,0x1F1F1F1F
	.word 0x1F1F1F1F,0x1F1F1F1F,0x1F1F1F1F,0x1F1F1F1F,0x1F1F1F1F,0x1F1F1F1F,0x1F1F1F1F,0x1F1F271F
	.word 0x1F1F1F1F,0x1F1F1F1F,0x1F1F1F1F,0x1F1F1F1F,0x1F1F1F1F,0x1F1F1F1F,0x1F1F1F1F,0x1F1F1F1F
	.word 0x1F1F1F1F,0x131F1F1F,0x1F1F1F1F,0x131C1F1F,0x1F1F1F1F,0x0C131C1F,0x1F1F1F1F,0x0C13131C
	.word 0x1F1F1F1F,0x0C0C1318,0x181F1F1F,0x0C0C1313,0x131C1F1F,0x0C0C1313,0x1313181C,0x13131313
	.word 0x090C0C09,0x0C090C0C,0x0C0C0C0C,0x09090C0C,0x0C0C0C0C,0x0C0C0C0C,0x0C0C0C0C,0x0C0C0C0C
	.word 0x0C0C0C0C,0x0C0C0C0C,0x0C0C0C0C,0x0C0C0C0C,0x0C0C0C0C,0x0C0C0C0C,0x13131313,0x0C0C1313

	.word 0x090C0C09,0x0C0C0C09,0x0C0C0C09,0x0C0C0C0C,0x0C0C0C0C,0x0C090C0C,0x0C0C0C0C,0x0C0C0C0C
	.word 0x0C0C0C0C,0x0C0C0C0C,0x0C0C0C0C,0x0C0C0C0C,0x0C0C0C0C,0x13130C0C,0x13131313,0x13131313
	.word 0x0C0C0C0C,0x18130C0C,0x0C0C0C0C,0x130C0C0C,0x0C0C0C0C,0x130C0C0C,0x0C0C0C0C,0x0C0C0C0C
	.word 0x0C0C0C0C,0x130C0C13,0x0C130C0C,0x1313130C,0x13131313,0x13131313,0x13131313,0x13131313
	.word 0x2727271C,0x1F271F1F,0x27231C13,0x27271F27,0x23101313,0x1F272727,0x18131313,0x2323231C
	.word 0x13131313,0x1C1C1813,0x13131313,0x13131313,0x13131313,0x13131313,0x13131313,0x13131313
	.word 0x27272727,0x24192727,0x27271F1F,0x24192727,0x27271F1F,0x29192727,0x27272727,0x1B191623
	.word 0x1C161C1C,0x1B19181C,0x13181813,0x1B1D1013,0x13131313,0x111D1610,0x10101013,0x111D1516

	.word 0x24242424,0x24242424,0x24242424,0x24242424,0x24242424,0x24242424,0x2424241B,0x24242424
	.word 0x24241B1B,0x24242424,0x1B1B1B1B,0x24242424,0x1B1B1B1B,0x24242424,0x1B1B1111,0x2424241B
	.word 0x24242424,0x163E3917,0x24242424,0x1E3E3717,0x24242424,0x283E3717,0x24242424,0x283E3717
	.word 0x24242424,0x283E3717,0x24242424,0x283E371B,0x24242424,0x283E371B,0x24242424,0x283E391B
	.word 0x0C0C0C0C,0x0C0C0C0C,0x0C0C0C0C,0x100C0C0C,0x0C0C0C10,0x10100C0C,0x0C0C0C13,0x10101010
	.word 0x10101013,0x10101010,0x10101010,0x10101010,0x10101010,0x10101010,0x10101010,0x10101010
	.word 0x0C0C0C0C,0x1010100C,0x0C101010,0x1010100C,0x10101010,0x10101010,0x10101010,0x10101010
	.word 0x10101010,0x10101010,0x10101010,0x10101010,0x10101010,0x10101010,0x10101010,0x10181018

	.word 0x10101010,0x10101010,0x10101010,0x10101010,0x10101010,0x10101010,0x18101010,0x18101010
	.word 0x10101010,0x18181818,0x10101010,0x18101018,0x18181010,0x10101818,0x18181810,0x10101018
	.word 0x10101010,0x10101010,0x10101010,0x10101010,0x10101818,0x18101010,0x10101018,0x23101010
	.word 0x10101018,0x28101010,0x10101018,0x31101010,0x10101010,0x31101010,0x10101010,0x31101010
	.word 0x16161010,0x1E1E1E16,0x16161010,0x16161616,0x13182323,0x13131313,0x0A0A1331,0x0A0A0A0A
	.word 0x07142035,0x12120707,0x1A262630,0x12121207,0x2D262635,0x1212071A,0x26262635,0x1212262D
	.word 0x1E1E1E1E,0x1E1E1E1E,0x161E1616,0x1E1E1616,0x13181313,0x18101813,0x13131313,0x13131313
	.word 0x12121212,0x12121212,0x12121212,0x12121212,0x12121212,0x12121212,0x12121212,0x12121212

	.word 0x191E1E1E,0x172F3A2C,0x1E1E1E1E,0x17393C1E,0x18181818,0x2F3F2318,0x13131313,0x3A301313
	.word 0x12121212,0x38201212,0x12121212,0x1A121212,0x12121212,0x1A121212,0x12121212,0x1A121212
	.word 0x17171717,0x17171717,0x17171717,0x17171717,0x17171717,0x17171717,0x17171729,0x17222A17
	.word 0x22222F3A,0x222A2F17,0x373A3F36,0x372F372F,0x3D36332D,0x3F3F3F3D,0x2E2D2D2D,0x2E2E2E2E
	.word 0x3F372F22,0x2F373A3F,0x3F2F2217,0x3A3A3A3F,0x3F2F2217,0x3A3A3F3F,0x3F2F2224,0x3D3B363B
	.word 0x3D3C2A2F,0x33333336,0x363F3C3A,0x33333333,0x3333363B,0x33333333,0x2D2D2D2E,0x3333332D
	.word 0x33333333,0x33333333,0x33333333,0x33333333,0x33333333,0x33333333,0x33333333,0x2D2D3333
	.word 0x33333333,0x2D2D2D2D,0x2D2D3333,0x2D2D2D2D,0x2D2D2D2D,0x2D2D2D2D,0x2D2D2D2D,0x2D2D2D2D

	.word 0x33333333,0x2D2D2D2D,0x2D2D3333,0x2D2D2D2D,0x2D2D2D2D,0x2D2D2D2D,0x2D2D2D2D,0x2D2D2D2D
	.word 0x2D2D2D2D,0x2D2D2D2D,0x2D2D2D2D,0x2D2D2D2D,0x2D2D2D2D,0x2D2D2D2D,0x2D2D2D2D,0x2D2D2D2D
	.word 0x2D2D2D2D,0x2D2D2D2D,0x2D2D2D2D,0x2D2D2D2D,0x2D2D2D2D,0x2D2D2D2D,0x2D2D2D2D,0x2D2D2D2D
	.word 0x2D2D2D2D,0x2D2D2D2D,0x2D2D2D2D,0x2D2D2D2D,0x2D2D2D2D,0x2D2D2D2D,0x2D2D2D2D,0x2D2D2D2D
	.word 0x2D2D2D2D,0x1212262D,0x2D2D2D2D,0x121A262D,0x2D2D2D2D,0x121A262D,0x2D2D2D2D,0x1212262D
	.word 0x2D2D2D2D,0x12121A2D,0x2D2D2D2D,0x1212121A,0x1A262D2D,0x12121212,0x121A262D,0x12121212
	.word 0x12121212,0x12121212,0x12121212,0x12121212,0x12121212,0x12121212,0x12121212,0x12121212
	.word 0x12121212,0x26121212,0x12121212,0x26261A12,0x12121212,0x1A262D1A,0x261A1212,0x1A262626

	.word 0x12121212,0x26261A07,0x1A121212,0x1A1A2626,0x26261212,0x1A1A1A26,0x1A26261A,0x30261A1A
	.word 0x1A1A2626,0x3C2E261A,0x261A1A1A,0x2C373426,0x30261A1A,0x1E222A3C,0x3C342626,0x161E222A
	.word 0x2B1A1A1A,0x16162834,0x3830261A,0x0C13102C,0x2C372E26,0x18181016,0x16283838,0x10101010
	.word 0x1016192A,0x10101010,0x1016161E,0x10101010,0x10101016,0x10101010,0x10101016,0x10101010
	.word 0x10161616,0x10161610,0x0C0C0C0C,0x0C0C0C0C,0x18181018,0x10181018,0x10101010,0x18101010
	.word 0x10101010,0x13131013,0x10101010,0x10101010,0x10101010,0x10101010,0x10101010,0x10101010
	.word 0x10101010,0x2C3F1610,0x0C0C0C0C,0x283E230C,0x10101010,0x1E3E2318,0x10181818,0x1E3E3113
	.word 0x10131313,0x193E3113,0x10101810,0x293A3118,0x10101010,0x293E2810,0x10101010,0x393E1610

	.word 0x0F0D0C0C,0x0B0B0B0B,0x0B0F100C,0x0B0B0B0B,0x0B0B0D10,0x0B0B0B0B,0x0B0B0F0D,0x0B0B0B0B
	.word 0x0B110B0F,0x0B0B0B0B,0x1111110F,0x0B0B0B11,0x1B1B1B11,0x11111111,0x1B1B1B11,0x111B1B1B
	.word 0x290B0B0B,0x241B1B3E,0x290B0B0B,0x241B293E,0x1B0B0B0B,0x241B243E,0x1B0B0B0B,0x241B2F3E
	.word 0x1D0B0B0B,0x24172F3A,0x110B0B0B,0x2417393A,0x110B0B11,0x241B3A39,0x1D111111,0x1B1B3A39
	.word 0x24242424,0x111B1B24,0x24242424,0x11111B1B,0x1B242424,0x11111B1B,0x1B1B2424,0x11111B1B
	.word 0x1B1B2424,0x1111111B,0x1B1B1B24,0x0B11111B,0x1B1B1B1B,0x0B0B111B,0x1B1B241B,0x0B0B1111
	.word 0x11111111,0x10100D15,0x11111111,0x0F0F0F0B,0x0B0B1111,0x0B0B0B0B,0x0B0B0B11,0x0B0B0B0B
	.word 0x0B0B0B0B,0x0B0B0B0B,0x0B0B0B0B,0x0B0B0B0B,0x0B0B0B0B,0x0B0B0B0B,0x0B0B0B0B,0x0B0B0B0B

	.word 0x18181818,0x1F1F1C1C,0x10161615,0x1C1C1818,0x150F0F0F,0x18131016,0x0B0B0B0B,0x1010150F
	.word 0x0B0B0B0B,0x160F0B0B,0x0B0B0B0B,0x0F0B0B0B,0x0B0B0B0B,0x0B0B0B0B,0x0B0B0B0B,0x0B0B0B0B
	.word 0x1F1F1F1F,0x1C1C1F1F,0x1C1C1C1C,0x1318181C,0x18181318,0x13131313,0x13131313,0x13131313
	.word 0x13131310,0x13131313,0x13131015,0x13131313,0x100D150F,0x13131313,0x0D0F0B0B,0x13131310
	.word 0x13131318,0x13131313,0x13131313,0x13131313,0x13131313,0x13131313,0x13131313,0x13131313
	.word 0x13131313,0x13131313,0x13131313,0x13131313,0x13131313,0x13131313,0x13131313,0x13131313
	.word 0x13131313,0x13131313,0x13131313,0x13131313,0x13131313,0x13131313,0x13131313,0x13131313
	.word 0x13131313,0x13131313,0x13131313,0x13131313,0x13131313,0x13131313,0x13131318,0x13131318

	.word 0x13131313,0x13131313,0x13131313,0x13131313,0x13131313,0x13131313,0x13131313,0x13131313
	.word 0x13131313,0x13131313,0x13131313,0x13131313,0x13131313,0x13131313,0x18181313,0x13131813
	.word 0x13131313,0x13131313,0x13131313,0x13131313,0x13131313,0x13131313,0x13131313,0x10131313
	.word 0x13131313,0x0D101313,0x13131313,0x0F151013,0x13131313,0x0B0F1510,0x10131313,0x0B0B0B15
	.word 0x13131313,0x0D101013,0x10131313,0x0F0F150D,0x150D1013,0x0B0B0B0F,0x0B0F0D10,0x0B0B0B0B
	.word 0x0B0B0B0F,0x0B0B0B0B,0x0B0B0B0B,0x0B0B0B0B,0x0B0B0B0B,0x0B0B0B0B,0x0B0B0B0B,0x0B0B0B0B
	.word 0x1D0F1515,0x11110F1D,0x0B0B0B0B,0x110B0B0B,0x0B0B0B0B,0x0B0B0B0B,0x0B0B0B0B,0x0B0B0B0B
	.word 0x0B0B0B0B,0x0B0B0B0B,0x0B0B0B0B,0x0B0B0B0B,0x0B0B0B0B,0x0B0B0B0B,0x0B0B0B0B,0x0B0B0B0B

	.word 0x1B1B1B11,0x24241B1B,0x1B1B1111,0x241B1B1B,0x1B111111,0x241B1B1B,0x11111111,0x241B1B1B
	.word 0x110B0B0B,0x241B1B1B,0x110B0B0B,0x241B1B11,0x110B0B0B,0x1B1B1B11,0x0B0B0B0B,0x1B1B1B11
	.word 0x24242424,0x283E391B,0x24242424,0x163E3A1B,0x24242424,0x163E3A1B,0x24242424,0x163F3E29
	.word 0x24242424,0x163E3E29,0x24242424,0x10383E2A,0x1B242424,0x10383E2F,0x22242424,0x10293E2F
	.word 0x10101010,0x10101010,0x0C0C0C0C,0x0A0C0C0C,0x18181018,0x10101310,0x18101018,0x10101010
	.word 0x100C0C10,0x10101010,0x10101010,0x10101010,0x10101010,0x10101010,0x10101010,0x10101010
	.word 0x10101010,0x10161616,0x0A0C0A0A,0x0A0A0A0A,0x18181818,0x18181818,0x18181818,0x18181818
	.word 0x10101010,0x10101010,0x10101010,0x10101010,0x10101010,0x10101010,0x10101010,0x10101010

	.word 0x16161616,0x16161616,0x130A0A0A,0x13130A0A,0x18181818,0x10181818,0x10181818,0x10101010
	.word 0x10101010,0x10101010,0x10101010,0x10101010,0x10101010,0x10101010,0x10101010,0x10101010
	.word 0x18161616,0x31161616,0x13131813,0x10101313,0x10101010,0x16101010,0x16161010,0x10101010
	.word 0x10101810,0x10101810,0x10101010,0x10101016,0x10101010,0x10101610,0x10101010,0x16161616
	.word 0x26263038,0x1A2D2626,0x26303C31,0x2D262626,0x343C2C1E,0x26262626,0x37281610,0x26262636
	.word 0x28161010,0x262E3B38,0x16161610,0x363C2C28,0x16161010,0x3C2C2816,0x16161610,0x2C1E1616
	.word 0x12121212,0x12121212,0x12121226,0x12121212,0x121A2D26,0x12121212,0x262D2626,0x12121212
	.word 0x2D262626,0x12121A2D,0x26262626,0x12262D2D,0x26263036,0x262D2626,0x26343B37,0x2D262626

	.word 0x12121212,0x1A121212,0x12121212,0x1A121212,0x12121212,0x1A121212,0x12121212,0x12121212
	.word 0x12121212,0x12121212,0x12121212,0x12121212,0x1212121A,0x1A121212,0x121A262D,0x12121212
	.word 0x2D2D2D26,0x2D2D2D2D,0x2D2D2D1A,0x2D2D2D2D,0x2D2D2612,0x2D2D2D2D,0x2D1A1A12,0x2D2D2D2D
	.word 0x1A1A1A12,0x2D2D2D2D,0x1A1A1212,0x2D2D261A,0x1A121A12,0x2D1A1A12,0x1A1A1A12,0x1A1A1A12
	.word 0x2D2D2D2D,0x332D2D2D,0x2D2D2D2D,0x2D2D2D2D,0x2D2D2D2D,0x2D2D2D2D,0x2D2D2D2D,0x2D2D2D2D
	.word 0x2D2D2D2D,0x2D2D2D2D,0x2D2D2D2D,0x2D2D2D2D,0x2D2D2D2D,0x2D2D2D2D,0x2D2D2D26,0x2D2D2D2D
	.word 0x2D333333,0x2D2D2D2D,0x33333333,0x33333333,0x33333333,0x33333333,0x33333333,0x33333333
	.word 0x33333333,0x33333333,0x3B363B3B,0x3B3B3B3B,0x3C3C3C3C,0x3C3C3C3C,0x2A2A2A2A,0x2A2A2A2A

	.word 0x33332D2D,0x2D2D2D33,0x33333333,0x33333333,0x33333333,0x33333333,0x33333333,0x33333333
	.word 0x33333333,0x33333333,0x3B3B3B3B,0x3B3B3B3B,0x3C3C3C3C,0x3C3C3C3C,0x2A2A2A2A,0x2A2A2A2A
	.word 0x3333332D,0x2D333333,0x33333333,0x33333333,0x33333333,0x33333333,0x33333333,0x33333333
	.word 0x33333333,0x33333333,0x3B3B3B3B,0x3B3B3B3B,0x3C3C3C3C,0x3C3C3C3C,0x2A2A2A2A,0x2A2A2A2A
	.word 0x26302D2D,0x26262626,0x33333333,0x33333333,0x33333333,0x33333333,0x33333333,0x33333333
	.word 0x33333333,0x33333333,0x3B3B3B3B,0x3B3B3B3B,0x3C3C3C3C,0x3C3C3C3C,0x2A2A2A2A,0x2A2A2A2A
	.word 0x262D2626,0x26262626,0x26263333,0x34262626,0x26262D33,0x37363026,0x26262D33,0x2A2A3C2E
	.word 0x3B2E2D33,0x19222A3C,0x373B3B3B,0x1E19222A,0x222A3737,0x16161E19,0x1E222222,0x16161616

	.word 0x2C37362D,0x16161628,0x1E2C2A3C,0x16161616,0x161E222A,0x16161616,0x16161E22,0x16161616
	.word 0x16161616,0x1E161616,0x16161E1E,0x3728161E,0x10101616,0x23383116,0x1E161616,0x12183138
	.word 0x10101016,0x10101010,0x16101010,0x10101016,0x16161010,0x10101016,0x1E281616,0x28282828
	.word 0x2331382C,0x23162323,0x13131831,0x13131313,0x0A0A0A13,0x0A0A0A0A,0x12121212,0x12121212
	.word 0x10101010,0x10101010,0x10101010,0x10101010,0x10101010,0x10101010,0x28282828,0x28282828
	.word 0x23232323,0x23232323,0x13131313,0x13131313,0x0A0A0A0A,0x0A0A0A0A,0x12121212,0x12121212
	.word 0x10101010,0x3A391610,0x10101010,0x3E3C1010,0x10101010,0x3E281010,0x1E1E1E1E,0x3E281E1E
	.word 0x23231616,0x35161623,0x13131313,0x13130A0A,0x0A0A0A0A,0x130A0A0A,0x12121212,0x07121212

	.word 0x1B241B1D,0x1B1B1B1B,0x24241B29,0x1B1B2424,0x24241D2F,0x24242424,0x241B1B3A,0x24242424
	.word 0x2417373E,0x24242424,0x17293E3C,0x24242424,0x293A3F31,0x2424241B,0x3A3E3112,0x24241B22
	.word 0x1B1B1B1B,0x1B293A39,0x1B1B1B1B,0x1B293E39,0x1B1B1B1B,0x17293E39,0x24242424,0x17293E39
	.word 0x24242424,0x172F3E3A,0x24242424,0x172F3E3A,0x24242424,0x172F3E39,0x24242424,0x172F3E39
	.word 0x1B1B1B1B,0x0B0B1111,0x111B1B1B,0x0B0B0B11,0x111B1B1B,0x0B0B0B11,0x11111B24,0x0B0B0B11
	.word 0x11111B24,0x0B0B0B11,0x111B1B24,0x0B0B0B11,0x11111B24,0x0F0B0B11,0x111B1B24,0x0D0F0B11
	.word 0x0B0B0B0B,0x0B0B0B0B,0x0B0B0B0B,0x0B0B0B0B,0x0B0B0B0B,0x0B0B0B0B,0x0B0B0B0B,0x0B0B0B0B
	.word 0x0B0B0B0B,0x0B0B0B0B,0x0B0B0B0B,0x0B0B0B0B,0x0D0D150F,0x0D0D0D0D,0x18101010,0x10131013

	.word 0x0B0B0B0B,0x0B0B0B0B,0x0B0B0B0B,0x0B0B0B0B,0x0B0B0B0B,0x0B0B0B0B,0x0B0B0B0B,0x0B0B0B0B
	.word 0x0B0B0B0B,0x0B0B0B0B,0x0B0B0B0B,0x0B0B0B0B,0x0B0B0F0D,0x0B0B0B0B,0x0D0D1010,0x0B0B0B0B
	.word 0x0F0B0B0B,0x1813181E,0x0B0B0B0B,0x18101E1D,0x0B0B0B0B,0x101E1D0B,0x0B0B0B0B,0x16151111
	.word 0x0B0B0B0B,0x151D1111,0x110B0B0B,0x1D111111,0x110B0B0B,0x1B111111,0x110B0B0B,0x1B1B1111
	.word 0x18181818,0x18131818,0x18181818,0x1C1C1818,0x1C1C1818,0x1C1C1C1C,0x1C1C1C1C,0x1C1C1C1C
	.word 0x16161616,0x1F1F1C1C,0x1F16161E,0x1F1F1F1F,0x1F231E22,0x1F1F1F1F,0x2727221B,0x27272727
	.word 0x18181818,0x18181818,0x1C1C1C1C,0x18181C1C,0x1C1C1C1C,0x1C1C1C1C,0x1C161616,0x161C1F1C
	.word 0x1F1F1F1F,0x1F1F1F1F,0x1F1F1F1F,0x1F1F1F1F,0x271F1F27,0x23272727,0x27272727,0x27272727

	.word 0x18181818,0x13131813,0x18181818,0x18181818,0x1C1C1C1C,0x1C1C1C1C,0x16161C16,0x1C161C1C
	.word 0x161F1F1F,0x16161616,0x1F1F1F1F,0x161F161F,0x271F1F27,0x1E232323,0x27272727,0x22232727
	.word 0x1E181813,0x0B0B0B0F,0x0F161813,0x0B0B0B0B,0x0B151618,0x0B0B0B0B,0x0B111E10,0x0B0B0B0B
	.word 0x11111D16,0x0B0B1111,0x11111B19,0x0B0B1111,0x1111111D,0x0B0B1111,0x111B1B1B,0x0B111111
	.word 0x0B0B0B0B,0x0B0B0B0B,0x0B0B0B0B,0x0B0B0B0B,0x0B0B0B0B,0x0B0B0B0B,0x0B0B0B0B,0x0B0B0B0B
	.word 0x0B0B0B0B,0x0B0B0B0B,0x0B0B0B0B,0x0D0B0B0B,0x0B0B0B0B,0x100D0F0B,0x0B0B0B0B,0x13100D0F
	.word 0x0B0B0B0B,0x0B0B0B0B,0x0B0B0B0B,0x0B0B0B0B,0x0B0B0B0B,0x0B0B0B0B,0x0B0B0B0B,0x0B0B0B0B
	.word 0x0D0D0F0B,0x0D0D0D0D,0x1010100D,0x10101018,0x18181810,0x18181813,0x18131313,0x18181313

	.word 0x110B0B0B,0x1B1B1D11,0x110B0B0B,0x1B1B1111,0x0B0B0B0B,0x1B1B1111,0x110B0B0B,0x1B1B1D11
	.word 0x110F0F0F,0x1B1B1111,0x1D151610,0x1B1B110B,0x1E101018,0x1B1B1D1D,0x10181818,0x1B1B1D1E
	.word 0x22242424,0x10283E37,0x221B2F24,0x101E3E3C,0x22292F24,0x10163E39,0x2A242424,0x1628393E
	.word 0x2A242429,0x16163C3E,0x2A24241B,0x0A13313E,0x2A24241B,0x0A0A383E,0x2A29241B,0x120A313E
	.word 0x10101010,0x10101010,0x10101010,0x10101010,0x10101010,0x10101010,0x2828281E,0x28282828
	.word 0x23232323,0x23232323,0x130A0A0A,0x13131313,0x0707070A,0x0A0A0A0A,0x12121212,0x12121212
	.word 0x10101010,0x10101010,0x10101010,0x10101010,0x10101010,0x10101010,0x28282828,0x28282828
	.word 0x23232323,0x23232323,0x13131313,0x0A0A0A13,0x0A0A0A0A,0x0A0A0707,0x12121212,0x12121212

	.word 0x10101010,0x10101010,0x10101010,0x10101010,0x10101010,0x10101010,0x28282828,0x28282828
	.word 0x23232323,0x23232323,0x0A0A0A0A,0x13130A0A,0x07070707,0x14141414,0x12121212,0x12121212
	.word 0x10101010,0x16161010,0x16161610,0x16161616,0x16161610,0x16161616,0x28282828,0x16161623
	.word 0x31232323,0x162C3C35,0x13131313,0x3C351813,0x14141414,0x31101414,0x12121212,0x12121212
	.word 0x16161616,0x1E161616,0x16161616,0x16161616,0x16161616,0x16161616,0x16161616,0x16161616
	.word 0x16161616,0x16161616,0x1E1E1E28,0x1E1E1E1E,0x16102838,0x10101016,0x16313C23,0x1616161E
	.word 0x363C2A2C,0x26262630,0x372A221E,0x2626303B,0x2C191616,0x26363D37,0x19161616,0x363C2A22
	.word 0x16161616,0x372C2C1E,0x1E1E1E1E,0x2C22281E,0x10161010,0x1E161610,0x16161616,0x16161616

	.word 0x262D2D2D,0x26262626,0x332D2526,0x33333333,0x332D2626,0x33333333,0x332D2630,0x33333333
	.word 0x332E2E3B,0x33333333,0x3B3B3C2A,0x3B3B3B3B,0x37372C22,0x3C3C3C3C,0x2A2C221E,0x2A2A2A2A
	.word 0x26262626,0x2D2D2626,0x33333333,0x33333333,0x33333333,0x33333333,0x33333333,0x33333333
	.word 0x33333333,0x33333333,0x3B3B3B3B,0x3B3B3B3B,0x3C3C3C3C,0x3C3C3C3C,0x2A2A2A2A,0x2A2A2A2A
	.word 0x2D2D2D2D,0x2D2D2D2D,0x33333333,0x33333333,0x33333333,0x33333333,0x33333333,0x33333333
	.word 0x33333333,0x33333333,0x3B3B3B3B,0x3B3B3B3B,0x3C3C3C3C,0x3C3C3C3C,0x2A2A2A2A,0x2A2A2A2A
	.word 0x2A2A2A2A,0x2A2A2A2A,0x2A2A2A2A,0x2A2A222A,0x2222222C,0x222A2A22,0x222C2C2C,0x2A222A2A
	.word 0x2A2A2A2A,0x2A2A222A,0x2A2A2A2A,0x2C2A2222,0x222A2A22,0x2C2C2C22,0x22221919,0x28222C22

	.word 0x2A2A2A2A,0x2A2A2A2A,0x2A2A2A2A,0x2A2A2A2A,0x22222222,0x22222222,0x2C2C2C2A,0x2C2C2C2C
	.word 0x2A2C2A2A,0x2C2C222C,0x2C2C2C2C,0x19222C2C,0x22222C2C,0x1E1E1E19,0x1E1E1E19,0x1E1E1E1E
	.word 0x2A2A2A2A,0x2A2A2A2A,0x2A2A2A2A,0x2A2A2A2A,0x22222222,0x19222222,0x2C2C2C2C,0x1E1E1928
	.word 0x1E19282C,0x1E1E1E1E,0x1E1E1E1E,0x1E1E1E1E,0x1E1E1E1E,0x1E1E1E1E,0x1E1E1E1E,0x1E1E1E1E
	.word 0x2A2A2A2A,0x22222A2A,0x222C2C2A,0x22222222,0x19191919,0x1E1E1E19,0x1E1E1E1E,0x1E161E1E
	.word 0x1E1E1E1E,0x1E1E1E1E,0x1E1E1E1E,0x1E1E1E1E,0x1E1E1E1E,0x161E1E1E,0x1E1E1E1E,0x16161E1E
	.word 0x161E1922,0x16161616,0x16161E1E,0x16161616,0x16161616,0x1E161616,0x16161616,0x38281616
	.word 0x16161616,0x283C2C1E,0x1E161616,0x121A3838,0x3C281616,0x12122031,0x313C311E,0x12121212

	.word 0x38281616,0x12121231,0x2B38281E,0x12121212,0x12183838,0x12121212,0x12121231,0x12121212
	.word 0x12121212,0x12121212,0x12121212,0x12121212,0x12121212,0x12121212,0x12121212,0x12121212
	.word 0x12121212,0x12121212,0x12121212,0x12121212,0x12121212,0x12121212,0x12121212,0x12121212
	.word 0x12121212,0x12121212,0x12121212,0x12121212,0x12121212,0x12121212,0x12121212,0x12121212
	.word 0x3E350A12,0x241B2F3A,0x35121212,0x29373E3E,0x12121212,0x3A3E3F2B,0x12121212,0x3E341212
	.word 0x12121212,0x36261212,0x12121212,0x2D2D2612,0x12121212,0x2D2D2D26,0x1A121212,0x2D2D2D2D
	.word 0x24242424,0x17393E2F,0x2424241B,0x173A3E2F,0x241B292F,0x1B3A3A24,0x2F393E3E,0x293E3A24
	.word 0x3E3E3F3B,0x2F3E3E3E,0x3B36332D,0x393E3E3F,0x332D2D2D,0x3E3F3636,0x332D2D2D,0x3E3B3333

	.word 0x111B1B24,0x100D1511,0x1D1B1B1B,0x13100D15,0x1D1B241B,0x1313180D,0x1E1B241B,0x13131810
	.word 0x1E1B2417,0x13131818,0x16221B17,0x1818181C,0x1E221729,0x18181C1F,0x27221737,0x1C1C1F23
	.word 0x13131318,0x13131313,0x13131313,0x13131313,0x13131313,0x13131313,0x13131313,0x13131313
	.word 0x18131313,0x161E1923,0x191C1318,0x17171717,0x171E1818,0x17171717,0x17191C18,0x17171717
	.word 0x10101313,0x0B0B0F15,0x13131313,0x0F0F0D10,0x13131313,0x0F0D1013,0x13131313,0x0D101313
	.word 0x13131318,0x16181813,0x13131C1E,0x10181813,0x18181E17,0x18181818,0x18161717,0x1C1C1818
	.word 0x11110B0B,0x1B1B1B11,0x1111110B,0x1B1B1B11,0x1111110B,0x1B1B1B1B,0x1B111111,0x1B1B1B1B
	.word 0x1B1B1D15,0x241B1B1B,0x1B1B1D16,0x24241B1B,0x1B1B1910,0x2424241B,0x1B291E16,0x24242424

	.word 0x2719291B,0x27272727,0x2B221B1B,0x22222B27,0x2222241B,0x24222222,0x22242424,0x24242422
	.word 0x24242424,0x24242424,0x24242424,0x24242424,0x24242424,0x24242424,0x24242424,0x24242424
	.word 0x2B2B2B2B,0x2B2B2B27,0x22222222,0x2A222A22,0x24242424,0x24242424,0x24242424,0x24242424
	.word 0x24242424,0x24242424,0x24242424,0x24242424,0x24242424,0x24242424,0x24242424,0x24242424
	.word 0x2727272B,0x1B192727,0x2B222222,0x1B221E2B,0x22222424,0x2429222C,0x24242424,0x24242424
	.word 0x24242424,0x24242424,0x24242424,0x24242424,0x24242424,0x24242424,0x24242424,0x24242424
	.word 0x111B1B1B,0x11111111,0x1B1B1B1B,0x1111111B,0x1B1B1B24,0x11111B1B,0x1B1B2424,0x111B1B1B
	.word 0x1B242424,0x111B1B1B,0x24242424,0x1B1B1B1B,0x24242424,0x1B1B1B24,0x24242424,0x1B1B2424

	.word 0x0F0B0B0B,0x1813100D,0x0D0F0B11,0x13131810,0x10150B11,0x13131318,0x18161D11,0x13131318
	.word 0x1810151D,0x18181313,0x1810161D,0x13181818,0x18101619,0x18181818,0x1C161615,0x1618181C
	.word 0x18181318,0x18181313,0x18131313,0x18181813,0x13131313,0x18181313,0x1C181318,0x18131C16
	.word 0x17191C13,0x1C1E2217,0x1717191C,0x19171717,0x17171719,0x22171717,0x17171717,0x22171717
	.word 0x18181818,0x1B1D1E16,0x18181818,0x1B1E1018,0x18181818,0x22161018,0x18181818,0x2216161C
	.word 0x1C181818,0x191F1610,0x1C1C181C,0x271F1F1C,0x1C1C1C16,0x27272723,0x1F1F1C23,0x2B272727
	.word 0x37222F24,0x1212383E,0x37222F24,0x0712313E,0x3C222F24,0x0712313E,0x3F22242F,0x071A363E
	.word 0x3E2A292F,0x1A2D363E,0x3E37222F,0x2D2D363B,0x3E39222A,0x2D2D3336,0x3F3E2A2C,0x2D2D3336

	.word 0x12121212,0x12121212,0x12121212,0x12121212,0x12121212,0x12121212,0x12121212,0x12121212
	.word 0x12121207,0x12121212,0x1212071A,0x12121212,0x12121A2D,0x12121212,0x121A2D2D,0x12121212
	.word 0x38312012,0x16161E1E,0x35181212,0x161E2837,0x12121212,0x162C3C31,0x12121212,0x383C2B12
	.word 0x12121212,0x38201212,0x12121212,0x20121212,0x12121212,0x12121212,0x12121212,0x1A121212
	.word 0x16161616,0x16161616,0x16161616,0x16161616,0x16161616,0x16161E16,0x1616161E,0x1616161E
	.word 0x16162837,0x16161616,0x16283935,0x16161616,0x2C3C3120,0x161E1E1E,0x3F2B1212,0x16161E38
	.word 0x2C191E16,0x22222222,0x1E161616,0x22222228,0x16161616,0x1E1E1E1E,0x16161616,0x1E161E1E
	.word 0x1E1E1E16,0x1E1E1E1E,0x1E1E1616,0x1E161E1E,0x1E1E1616,0x161E1E1E,0x1E1E1E1E,0x1E1E1E1E

	.word 0x2A2A2222,0x2A2A2A2A,0x2C2C2C22,0x222A2C2C,0x1919191E,0x19191919,0x1E1E1E1E,0x1E1E1E1E
	.word 0x1E1E1E1E,0x1E1E1E1E,0x1E1E1E1E,0x1E1E1E1E,0x1E1E1E1E,0x1E1E1E1E,0x1E1E1E1E,0x1E1E1E1E
	.word 0x2A2A222A,0x222A2A2A,0x222A2222,0x2A2A2A2A,0x22221919,0x22222222,0x281E1E1E,0x2C2C2C2C
	.word 0x1E1E1E1E,0x28281E1E,0x1E1E1E1E,0x1E1E1E1E,0x1E1E1E1E,0x1E1E1E1E,0x1E1E1E1E,0x1E1E1E1E
	.word 0x1E1E1E1E,0x1E1E1E1E,0x1E1E1E1E,0x1E1E1E1E,0x1E1E1E1E,0x1E1E1E1E,0x1E1E1E1E,0x1E1E1E1E
	.word 0x1E1E1E1E,0x1E1E1E1E,0x1E1E1E1E,0x1E1E1E1E,0x1E1E1E1E,0x1E1E1E1E,0x1E1E1E1E,0x1E1E1E1E
	.word 0x1E1E1E1E,0x1E1E1E1E,0x1E1E1E1E,0x1E1E1E1E,0x1E1E1E1E,0x1E1E1E1E,0x1E1E1E1E,0x1E1E1E1E
	.word 0x1E1E1E1E,0x1E1E1E1E,0x1E1E1E1E,0x1E1E1E1E,0x1E1E1E1E,0x1E1E1E1E,0x1E1E1E1E,0x37281E1E

	.word 0x1E1E1E1E,0x1E161E1E,0x1E1E1E1E,0x3728161E,0x1E1E1E1E,0x31392C1E,0x1E1E1E1E,0x20313C38
	.word 0x37281E1E,0x1A121A38,0x313C281E,0x1A1A1A1A,0x20313737,0x1A1A1A12,0x1A1A1A38,0x1A1A1A1A
	.word 0x121A3837,0x12121212,0x1A121A38,0x12121212,0x121A1220,0x12121212,0x1A1A1A12,0x12121212
	.word 0x1A1A1A1A,0x12121212,0x1A1A1A1A,0x12121212,0x121A1A1A,0x12121212,0x121A1A1A,0x12121212
	.word 0x2D1A1212,0x2D2D2D2D,0x2D1A1212,0x2D2D2D2D,0x2D261A12,0x2D2D2D2D,0x2D2D1A12,0x2D2D2D2D
	.word 0x2D2D1A12,0x2D2D2D2D,0x2D2D2612,0x2D2D2D2D,0x2D2D2612,0x2D2D2D2D,0x2D2D1A1A,0x2D2D2D2D
	.word 0x332D2D2D,0x3F363333,0x332D2D2D,0x3B333333,0x332D2D2D,0x36333333,0x2D2D2D2D,0x33333333
	.word 0x2D2D2D2D,0x33332D2D,0x2D2D2D2D,0x332D2D2D,0x2D2D2D2D,0x332D2D2D,0x2D2D2D2D,0x2D2D2D2D

	.word 0x19172A3E,0x1C1F1F27,0x2222393E,0x1F1F272B,0x22293E3D,0x27272722,0x2A3E3F36,0x272B2B19
	.word 0x3F3F3B36,0x3222222A,0x3F363333,0x222C373E,0x36333333,0x373F3E3F,0x33333333,0x3E3F3B36
	.word 0x17221C1C,0x17171717,0x172B161F,0x17171717,0x22272727,0x22171722,0x271F2727,0x22222222
	.word 0x27272727,0x23272327,0x27273232,0x27272727,0x3232222A,0x27273232,0x2A373C3E,0x32322A2A
	.word 0x1C1E1717,0x1C1C1C1C,0x1C191717,0x1F1F1C1C,0x1F192217,0x1F1F1F1F,0x1F272222,0x271F1F1F
	.word 0x1F272727,0x271F1F1F,0x1F27271F,0x2727271F,0x27272727,0x2C323227,0x2A323232,0x3F3C3737
	.word 0x2429231F,0x24242424,0x24222327,0x24242424,0x24222727,0x2F242424,0x24222727,0x3A2F2424
	.word 0x2F221927,0x3E3E392F,0x392A3232,0x363F3E3E,0x3E3F3C2A,0x33363B3F,0x3B3F3E3E,0x33333336

	.word 0x2F2F2424,0x24242424,0x3E3A2F2F,0x3A3A3A3A,0x3F3E3E39,0x3F3F3F3F,0x36363B3E,0x36363636
	.word 0x3333363B,0x33333333,0x33333336,0x33333333,0x33333333,0x33333333,0x33333333,0x33333333
	.word 0x24242424,0x24242424,0x3A3A3A3A,0x3A3A3A3A,0x3E3F3F3F,0x3F3E3F3E,0x36363636,0x36363636
	.word 0x33333333,0x33333333,0x33333333,0x33333333,0x33333333,0x33333333,0x33333333,0x33332D33
	.word 0x24242424,0x242F2F24,0x3E3E3E3A,0x3A3E3E3E,0x3F3F3F3F,0x3F3F3F3F,0x36363636,0x36363636
	.word 0x33333333,0x33333333,0x33333333,0x33333333,0x33333333,0x33333333,0x33333333,0x33333333
	.word 0x24242424,0x24242424,0x2424242F,0x24242424,0x24242F3E,0x24242424,0x2F393E3D,0x24242424
	.word 0x3A3E3B36,0x2F242F39,0x3F363333,0x2F393A3E,0x36333333,0x3E3E3F3B,0x33333333,0x3F3B3633

	.word 0x16161619,0x231C1C16,0x1F1F2719,0x23161F1F,0x27272719,0x231F1F1F,0x27272B22,0x27272727
	.word 0x27273222,0x27272727,0x2B32322A,0x27272727,0x322C3839,0x27323232,0x3C3F3E3E,0x322A3437
	.word 0x17171717,0x22171717,0x22171722,0x22222222,0x2222222A,0x272A2222,0x2A2A2227,0x2727222A
	.word 0x27272727,0x27272727,0x27272727,0x27272727,0x32272727,0x32323232,0x2C323232,0x372A2A2A
	.word 0x27232323,0x322B2727,0x27272727,0x322B2727,0x27272727,0x322B2727,0x27272727,0x3D322727
	.word 0x32272727,0x3E3D3227,0x32323227,0x3B3E3F37,0x3F343232,0x363B3E3E,0x3E3E3F3C,0x3333363D
	.word 0x3B3E3C32,0x2D2D3333,0x363F3E34,0x2D332D33,0x33363E3F,0x2D332D33,0x33363B3E,0x2D333333
	.word 0x3333363B,0x2D2D3333,0x33333336,0x2D2D3333,0x33333336,0x2D2D3333,0x33333333,0x2D2D3333

	.word 0x1A2D2D2D,0x12121212,0x262D2D2D,0x12121212,0x2D2D2D2D,0x1212121A,0x2D2D2D2D,0x12121A26
	.word 0x2D2D2D2D,0x12121A2D,0x2D2D2D2D,0x121A1A2D,0x2D2D2D2D,0x121A262D,0x2D2D2D2D,0x121A262D
	.word 0x12121212,0x1A121212,0x12121212,0x12121212,0x1A121212,0x121A1212,0x1A121212,0x1A121212
	.word 0x1A1A1A1A,0x1A1A1A1A,0x1A1A1A12,0x1A1A1A1A,0x1A1A1A1A,0x1A1A1A1A,0x1A1A1A1A,0x1A1A1A1A
	.word 0x2112121A,0x161E3838,0x121A1A1A,0x28393520,0x1A1A1A1A,0x3F35201A,0x1A1A1A1A,0x2B201A1A
	.word 0x1A1A1A1A,0x1A1A1A1A,0x1A1A1A1A,0x1A1A1A1A,0x1A1A1A1A,0x1A1A1A1A,0x1A1A1A1A,0x1A1A1A1A
	.word 0x1E1E1E1E,0x1E1E1E1E,0x1E1E1E16,0x1E1E1E1E,0x1E1E1E31,0x1E1E1E1E,0x1E1E2C3C,0x1E1E1E1E
	.word 0x1E383C2B,0x1E1E1E1E,0x3738211A,0x1E1E1E28,0x351A1A1A,0x1E1E2C3F,0x1A1A1A1A,0x1E2C3C30

	.word 0x1E1E1E1E,0x1E1E1E1E,0x1E1E1E1E,0x1E1E1E1E,0x1E1E1E1E,0x1E1E1E1E,0x1E1E1E1E,0x1E1E1E1E
	.word 0x1E1E1E1E,0x1E1E1E1E,0x1E1E1E1E,0x37281E1E,0x1E1E1E1E,0x353C2C1E,0x1E1E1E1E,0x1A313C2A
	.word 0x1E1E1E1E,0x31392C1E,0x1E1E1E1E,0x1A313C38,0x37281E1E,0x1A1A1A38,0x353C281E,0x1A1A1A1A
	.word 0x1A313C38,0x1A1A1A1A,0x1A1A3138,0x1A1A1A1A,0x1A1A1A1A,0x1A1A1A1A,0x1A1A1A1A,0x1A1A1A1A
	.word 0x1A1A1A1A,0x1A1A1A1A,0x1A1A1A1A,0x1A1A1A1A,0x1A1A1A1A,0x1A1A1A1A,0x1A1A1A1A,0x1A1A1A1A
	.word 0x1A1A1A1A,0x1A1A1A1A,0x1A1A1A1A,0x1A1A1A1A,0x1A1A1A1A,0x1A1A1A1A,0x1A1A1A1A,0x1A1A1A1A
	.word 0x1A1A1A1A,0x12121A1A,0x1A1A1A1A,0x1A121A1A,0x1A1A1A1A,0x1A121A1A,0x1A1A1A1A,0x1A1A1A1A
	.word 0x1A1A1A1A,0x1A1A1A1A,0x1A1A1A1A,0x121A1A1A,0x1A1A1A1A,0x1A1A1A1A,0x1A1A1A1A,0x1A1A1A1A

	.word 0x12121212,0x12121212,0x12121212,0x12121212,0x12121A1A,0x12121212,0x1A12121A,0x12121212
	.word 0x12121212,0x12121212,0x12121212,0x12121212,0x121A1A1A,0x12121212,0x1A121A1A,0x1212121A
	.word 0x2D261A12,0x2D2D2D2D,0x2D261A12,0x2D2D2D2D,0x2D261A12,0x2D2D2D2D,0x261A1A12,0x2D2D2D2D
	.word 0x261A1A12,0x2D2D2D2D,0x261A1212,0x2D2D2D26,0x1A1A1212,0x2D2D2D26,0x1A1A1212,0x2D2D261A
	.word 0x3333332D,0x36363333,0x2D2D2D2D,0x33333333,0x2D2D2D2D,0x33332D2D,0x2D2D2D2D,0x2D2D2D2D
	.word 0x2D2D2D2D,0x2D2D2D2D,0x2D2D2D2D,0x2D2D2D2D,0x2D2D2D2D,0x2D2D2D2D,0x2D2D2D2D,0x2D2D2D2D
	.word 0x3E3E3E3D,0x3F3F3F3E,0x3B363633,0x3F3F3F3D,0x33333333,0x33333333,0x33333333,0x33333333
	.word 0x2D2D2D2D,0x2D2D2D2D,0x2D2D2D2D,0x2D2D2D2D,0x2D2D2D2D,0x2D2D2D2D,0x2D2D2D2D,0x2D2D2D2D

	.word 0x3E3E3F3F,0x3F3E3E3E,0x3D3F3F3F,0x3336363B,0x33333333,0x33333333,0x33333333,0x2D332D2D
	.word 0x2D2D2D2D,0x2D2D2D2D,0x2D2D2D2D,0x2D2D2D2D,0x2D2D2D2D,0x2D2D2D2D,0x2D2D2D2D,0x2D2D2D2D
	.word 0x3336363B,0x33333333,0x33333333,0x2D333333,0x33333333,0x2D2D2D33,0x2D2D2D2D,0x2D2D2D2D
	.word 0x2D2D2D2D,0x2D2D2D2D,0x2D2D2D2D,0x2D2D2D2D,0x2D2D2D2D,0x2D2D2D2D,0x2D2D2D2D,0x2D2D2D2D
	.word 0x2D2D3333,0x332D2D2D,0x2D2D2D2D,0x2D2D2D2D,0x2D2D2D2D,0x2D2D2D2D,0x2D2D2D2D,0x2D2D2D2D
	.word 0x2D2D2D2D,0x2D2D2D2D,0x2D2D2D2D,0x2D2D2D2D,0x2D2D2D2D,0x2D2D2D2D,0x2D2D2D2D,0x2D2D2D2D
	.word 0x332D2D33,0x332D2D2D,0x2D2D2D2D,0x2D2D2D2D,0x2D2D2D2D,0x2D2D2D2D,0x2D2D2D2D,0x2D2D2D2D
	.word 0x2D2D2D2D,0x2D2D2D2D,0x2D2D2D2D,0x2D2D2D2D,0x2D2D2D2D,0x2D2D2D2D,0x2D2D2D2D,0x2D2D2D2D

	.word 0x332D2D2D,0x3333332D,0x2D2D2D2D,0x332D2D2D,0x2D2D2D2D,0x2D2D2D2D,0x2D2D2D2D,0x2D2D2D2D
	.word 0x2D2D2D2D,0x2D2D2D2D,0x2D2D2D2D,0x2D2D2D2D,0x2D2D2D2D,0x2D2D2D2D,0x2D2D2D2D,0x2D2D2D2D
	.word 0x33333333,0x36363333,0x33333333,0x33333333,0x2D2D2D2D,0x3333332D,0x2D2D2D2D,0x332D2D2D
	.word 0x2D2D2D2D,0x2D2D2D2D,0x2D2D2D2D,0x2D2D2D2D,0x2D2D2D2D,0x2D2D2D2D,0x2D2D2D2D,0x2D2D2D2D
	.word 0x3E3F3B36,0x3F3E3E3E,0x36363633,0x3F3D3B3B,0x33333333,0x36363333,0x33333333,0x33333333
	.word 0x2D2D2D2D,0x3333332D,0x2D2D2D2D,0x2D2D2D2D,0x2D2D2D2D,0x2D2D2D2D,0x2D2D2D2D,0x2D2D2D2D
	.word 0x3F3F3F3F,0x3E3E3E3F,0x3E3E3F3F,0x3B3B3F3F,0x36363636,0x33333636,0x33333333,0x33333333
	.word 0x33333333,0x33332D33,0x2D332D2D,0x2D2D2D2D,0x2D2D2D2D,0x2D2D2D2D,0x2D2D2D2D,0x2D2D2D2D

	.word 0x363B3F3E,0x33333336,0x33363636,0x33333333,0x33333333,0x33333333,0x33333333,0x2D333333
	.word 0x2D333333,0x2D2D2D2D,0x2D2D2D2D,0x2D2D2D2D,0x2D2D2D2D,0x2D2D2D2D,0x2D2D2D2D,0x2D2D2D2D
	.word 0x33333333,0x2D2D2D2D,0x2D333333,0x2D2D2D2D,0x2D2D2D2D,0x2D2D2D2D,0x2D2D2D2D,0x2D2D2D2D
	.word 0x2D2D2D2D,0x2D2D2D2D,0x2D2D2D2D,0x2D2D2D2D,0x2D2D2D2D,0x2D2D2D2D,0x2D2D2D2D,0x2D2D2D2D
	.word 0x2D2D2D2D,0x121A262D,0x2D2D2D2D,0x1A1A262D,0x2D2D2D2D,0x1A1A262D,0x2D2D2D2D,0x1A1A262D
	.word 0x2D2D2D2D,0x1A1A262D,0x2D2D2D2D,0x1A1A2626,0x2D2D2D2D,0x1A1A2626,0x2D2D2D2D,0x1A1A1A26
	.word 0x12121212,0x12121212,0x12121212,0x12121212,0x12121212,0x12121212,0x12121212,0x12121212
	.word 0x12121212,0x12121212,0x12121212,0x12121212,0x12121212,0x1A1A1A12,0x1A12121A,0x1A1A1A1A

	.word 0x12121212,0x12121212,0x1A1A1212,0x1A1A1A1A,0x1A1A1212,0x1A1A1A1A,0x12121A12,0x121A1A1A
	.word 0x12121A12,0x1A1A1A1A,0x1A1A1A12,0x1A1A1A1A,0x1A1A1A1A,0x1A1A1A1A,0x1A1A1A1A,0x1A1A1A1A
	.word 0x1A1A1A1A,0x383C2B1A,0x1A1A1A1A,0x382B1A1A,0x1A1A1A1A,0x211A1A1A,0x1A1A1A1A,0x1A1A1A1A
	.word 0x1A1A1A1A,0x1A1A1A1A,0x1A1A1A1A,0x1A1A1A1A,0x1A1A1A1A,0x1A1A1A1A,0x1A1A1A1A,0x1A1A1A1A
	.word 0x1E1E1E1E,0x1E1E1E1E,0x1E1E2837,0x1E1E1E1E,0x1E283C38,0x1E1E1E1E,0x283C351A,0x1E1E1E1E
	.word 0x3D301A1A,0x1E1E1E2C,0x301A1A1A,0x1E1E2A3C,0x1A1A1A1A,0x28373C2B,0x1A1A1A1A,0x3C38211A
	.word 0x1E1E1E1E,0x1E1E1E1E,0x1E1E1E1E,0x1E1E1E1E,0x1E1E1E1E,0x1E1E1E1E,0x1E1E1E1E,0x1E1E1E1E
	.word 0x1E1E1E1E,0x1E1E1E1E,0x1E1E1E1E,0x1E1E1E1E,0x1E1E1E1E,0x1E1E1E1E,0x1E1E1E28,0x1E1E1E1E

	.word 0x1E1E1E1E,0x1E1E1E1E,0x1E1E1E1E,0x1E1E1E1E,0x1E1E1E1E,0x1E1E1E1E,0x1E1E1E1E,0x1E1E1E1E
	.word 0x1919191E,0x1E1E1E1E,0x19191919,0x1E1E1E1E,0x1919191E,0x191E1E1E,0x28282828,0x19282828
	.word 0x2C1E1E1E,0x2621303D,0x3C1E1E1E,0x3333333B,0x3F2C1E1E,0x33333336,0x3D381E1E,0x33333336
	.word 0x3B381E1E,0x33333336,0x3B3C281E,0x33333336,0x3B3F281E,0x33333333,0x363F2C28,0x33333333
	.word 0x1A261A26,0x1A1A1A1A,0x33333333,0x33333333,0x33333333,0x33333333,0x33333333,0x33333333
	.word 0x33333333,0x33333333,0x33333333,0x33333333,0x33333333,0x33333333,0x33333333,0x33333333
	.word 0x1A1A1A1A,0x1A1A1A1A,0x33333333,0x33333333,0x33333333,0x33333333,0x33333333,0x33333333
	.word 0x33333333,0x33333333,0x33333333,0x33333333,0x33333333,0x33333333,0x33333333,0x33333333

	.word 0x1A051A1A,0x1A1A1A1A,0x33333333,0x33333333,0x33333333,0x33333333,0x33333333,0x33333333
	.word 0x33333333,0x33333333,0x33333333,0x33333333,0x33333333,0x33333333,0x33333333,0x33333333
	.word 0x1A1A1A1A,0x2525261A,0x33333333,0x33333333,0x33333333,0x33333333,0x33333333,0x33333333
	.word 0x33333333,0x33333333,0x33333333,0x33333333,0x33333333,0x33333333,0x33333333,0x33333333
	.word 0x2D2D2D2D,0x2D2D2D2D,0x33333333,0x33333333,0x33333333,0x33333333,0x33333333,0x33333333
	.word 0x33333333,0x33333333,0x33333333,0x33333333,0x33333333,0x33333333,0x33333333,0x33333333
	.word 0x262D2D2D,0x1A1A2626,0x33333333,0x33333333,0x33333333,0x33333333,0x33333333,0x33333333
	.word 0x33333333,0x33333333,0x33333333,0x33333333,0x33333333,0x33333333,0x33333333,0x33333333

	.word 0x1A26261A,0x1A1A1A26,0x33333333,0x33333333,0x33333333,0x33333333,0x33333333,0x33333333
	.word 0x33333333,0x33333333,0x33333333,0x33333333,0x33333333,0x33333333,0x33333333,0x33333333
	.word 0x26261A26,0x3C262626,0x33333333,0x36333333,0x33333333,0x36333333,0x33333333,0x33333333
	.word 0x33333333,0x33333333,0x33333333,0x33333333,0x33333333,0x33333333,0x33333333,0x33333333
	.word 0x1E1E1E37,0x1E1E1E1E,0x1E1E283F,0x1E1E1E1E,0x1E1E293D,0x1E1E1E1E,0x1E1E373B,0x1E1E1E1E
	.word 0x1E1E3F3B,0x1E1E1E1E,0x1E283F36,0x1E1E1E1E,0x1E2C3D36,0x1E1E1E1E,0x28373D36,0x28282819
	.word 0x28282828,0x1E1E2828,0x23232316,0x16232316,0x28282828,0x1E282828,0x19191919,0x19191919
	.word 0x19191919,0x19191919,0x19191919,0x22191919,0x19191919,0x22221919,0x19191919,0x22222219

	.word 0x3B3F311E,0x33333333,0x3D3F2316,0x3B3B3D3B,0x372A221E,0x37373737,0x2A2A2A22,0x2A2A2A2A
	.word 0x2A2A2A22,0x2A2A2A2A,0x2A2A2222,0x2A2A2A2A,0x2A2A2222,0x2A2A2A2A,0x22222222,0x2A2A2A2A
	.word 0x33333333,0x33333333,0x3B3B3B3B,0x3D3D3D3B,0x37373737,0x37373737,0x2A2A2A2A,0x2A2A2A2A
	.word 0x2A2A2A2A,0x2A2A2A2A,0x2A2A2A2A,0x2A2A2A2A,0x2A2A2A2A,0x2A2A2A2A,0x2A2A2A2A,0x2A2A2A2A
	.word 0x33333333,0x33333333,0x3D3D3B3B,0x3D3D3D3D,0x3C373C37,0x3737373C,0x2A2A2A2A,0x2A2A2A2A
	.word 0x2A2A2A2A,0x2A2A2A2A,0x2A2A2A2A,0x2A2A2A2A,0x2A2A2A2A,0x2A2A2A2A,0x2A2A2A22,0x222A2A2A
	.word 0x33333333,0x33333333,0x3D3D3D3D,0x3D3B3B3B,0x37373737,0x37373737,0x2A2A2A2A,0x2A2A2A2A
	.word 0x2A2A2A2A,0x2A2A2A2A,0x2A2A2A2A,0x2A2A2A2A,0x2A2A2A2A,0x2A2A2A2A,0x22222A22,0x22222222

	.word 0x33333333,0x33333333,0x3D3D3D3D,0x3D3D3D3D,0x37373737,0x37373737,0x2A2A2A2A,0x2A2A2A2A
	.word 0x2A2A2A2A,0x2A2A2A2A,0x2A2A2A2A,0x2A2A2A2A,0x2222222A,0x2222222A,0x22222222,0x2222222A
	.word 0x33333333,0x33333333,0x3D3D3D3D,0x3D3D3D3D,0x37373737,0x37373737,0x2A2A2A2A,0x2A2A2A2A
	.word 0x2A2A2A2A,0x2A2A2A2A,0x2A2A2A2A,0x2A2A2A2A,0x2A2A2222,0x22222222,0x22222222,0x22222222
	.word 0x33333333,0x33333333,0x3D3D3D3D,0x3D3D3D3D,0x37373737,0x37373737,0x2A2A2A2A,0x2A2A2A2A
	.word 0x2A2A2A2A,0x2A2A2A2A,0x2A2A2A2A,0x2A2A2A2A,0x22222222,0x22222222,0x22222222,0x22222222
	.word 0x33333333,0x33333333,0x3D3D3D3D,0x3D3D3D3D,0x37373737,0x37373737,0x2A2A2A2A,0x2A2A2A2A
	.word 0x2A2A2A2A,0x2A2A2A2A,0x2A2A2A2A,0x2A2A2A2A,0x22222222,0x2222222A,0x22222222,0x2222222A

	.word 0x33333333,0x33333333,0x3D3D3D3D,0x3D3D3D3D,0x37373737,0x37373737,0x2A2A2A2A,0x2A2A2A2A
	.word 0x2A2A2A2A,0x2A2A2A2A,0x2A222222,0x2A2A2A2A,0x22222222,0x22222222,0x22222222,0x22222222
	.word 0x33333333,0x33333333,0x3D3D3D3D,0x3D3D3D3D,0x37373737,0x37373737,0x2A2A2A2A,0x2A2A2A2A
	.word 0x2A2A2A2A,0x2A2A2A2A,0x22222A2A,0x2A222222,0x22222222,0x22222222,0x22222222,0x22222222
	.word 0x33333333,0x33333333,0x3D3D3D3D,0x3D3D3D3D,0x37373737,0x37373737,0x2A2A2A2A,0x2A2A2A2A
	.word 0x2A2A2A2A,0x2A2A2A2A,0x222A2A2A,0x2A2A2A22,0x22222222,0x22222222,0x22222222,0x22222222
	.word 0x33333333,0x33333333,0x3D3D3D3D,0x3D3D3D3D,0x37373737,0x37373737,0x2A2A2A2A,0x2A2A2A2A
	.word 0x2A2A2A2A,0x2A2A2A2A,0x2A2A2A2A,0x2A22222A,0x22222222,0x22222222,0x22222222,0x22222222

	.word 0x33333333,0x33333333,0x3D3D3D3D,0x3D3D3D3D,0x37373737,0x37373737,0x2A2A2A2A,0x2A2A2A2A
	.word 0x2A2A2A2A,0x2A2A2A2A,0x2A2A222A,0x2A2A2A2A,0x22222222,0x22222222,0x22222222,0x22222222
	.word 0x33333333,0x33333333,0x3D3D3D3D,0x3D3D3D3D,0x37373737,0x37373737,0x2A2A2A2A,0x2A2A2A2A
	.word 0x2A2A2A2A,0x2A2A2A2A,0x2A2A2A2A,0x2A2A2A2A,0x2A222A22,0x2A2A2A22,0x22222222,0x22222222
	.word 0x33333333,0x33333333,0x3D3D3D3D,0x3D3D3D3D,0x37373737,0x37373737,0x2A2A2A2A,0x2A2A2A2A
	.word 0x2A2A2A2A,0x2A2A2A2A,0x2A2A2A2A,0x2A2A2A2A,0x2A2A2A2A,0x2A2A2A22,0x22222222,0x2A2A2A22
	.word 0x33333333,0x33333333,0x3D3D3D3D,0x3D3D3D3D,0x37373737,0x37373737,0x2A2A2A2A,0x2A2A2A2A
	.word 0x2A2A2A2A,0x2A2A2A2A,0x2A2A2A2A,0x2A2A2A2A,0x2A2A2A2A,0x2A2A2222,0x2A2A2A22,0x2A222222

	.word 0x33333333,0x33333333,0x3D3D3D3D,0x3D3D3D3D,0x37373737,0x37373737,0x2A2A2A2A,0x2A2A2A2A
	.word 0x2A2A2A2A,0x2A2A2A2A,0x2A2A2A2A,0x2A2A2A2A,0x2A2A2A2A,0x2A2A2A2A,0x2A222A2A,0x2A2A2A2A
	.word 0x33333333,0x33333333,0x3D3D3D3D,0x3D3D3D3D,0x37373737,0x37373737,0x2A2A2A2A,0x2A2A2A2A
	.word 0x2A2A2A2A,0x2A2A2A2A,0x2A2A2A2A,0x2A2A2A2A,0x2A2A2A2A,0x2A2A2A2A,0x2A2A2A2A,0x2A2A2A2A
	.word 0x33333333,0x36363633,0x3D3D3D3D,0x3D3D3D3D,0x37373737,0x37373737,0x2A2A2A2A,0x2A2A2A2A
	.word 0x2A2A2A2A,0x2A2A2A2A,0x2A2A2A2A,0x2A2A2A2A,0x2A2A2A2A,0x2A2A2A2A,0x2A2A2A2A,0x2A2A2A2A
	.word 0x1E373D36,0x231E1E1E,0x16383D3D,0x23161623,0x192A3737,0x1E1E1E27,0x2C2A2A2A,0x1E1E1E19
	.word 0x2A2A2A2A,0x1E1E1922,0x222A2A2A,0x1E192222,0x22222A2A,0x19222222,0x2222222A,0x19222222

	.word 0x19191919,0x22222219,0x19191919,0x22222219,0x19191919,0x22222217,0x19191919,0x22221717
	.word 0x19191919,0x22222217,0x19191919,0x22221919,0x19191919,0x19191919,0x2C2C2C2C,0x2C2C2C2C
	.word 0x22222222,0x22222222,0x22222222,0x22222222,0x22222222,0x22222222,0x22222222,0x22222222
	.word 0x22222222,0x22222222,0x22222222,0x17222222,0x19191719,0x19191919,0x2C2C2C2C,0x2C2C2C2C
	.word 0x22222222,0x22222222,0x22222222,0x22222222,0x22222222,0x22222222,0x22222222,0x22222222
	.word 0x22222222,0x22222222,0x17171717,0x17171722,0x19191919,0x19191919,0x2C2C2C2C,0x2C2C2C2C
	.word 0x22222222,0x22222222,0x22222222,0x22222222,0x22222222,0x22222222,0x22222222,0x22222222
	.word 0x22222222,0x22222222,0x17171717,0x17171717,0x19191919,0x19191919,0x2C2C2C2C,0x2C2C2C2C

	.word 0x22222222,0x22222222,0x22222222,0x22222222,0x22222222,0x22222222,0x22222222,0x22222222
	.word 0x22222222,0x22172222,0x17171717,0x17191917,0x19191919,0x19191919,0x2C2C2C2C,0x2C2C2C2C
	.word 0x22222222,0x22222222,0x22222222,0x22222222,0x22222222,0x22222222,0x22222222,0x17172222
	.word 0x17171722,0x17171717,0x19191919,0x19191919,0x19191919,0x19191919,0x2C2C2C2C,0x2C2C2C2C
	.word 0x22222222,0x22222222,0x22222222,0x22222222,0x22221722,0x22222222,0x22171717,0x22222222
	.word 0x22171717,0x17172222,0x19191919,0x19191919,0x19191919,0x19191919,0x2C2C2C2C,0x2C2C2C2C
	.word 0x22222222,0x22222222,0x22222222,0x22222222,0x22222222,0x22222222,0x22221717,0x17222217
	.word 0x22221717,0x22222217,0x17191919,0x19191917,0x19191919,0x19191919,0x2C2C2C2C,0x2C2C2C2C

	.word 0x22222222,0x17172222,0x22172222,0x17171722,0x22221722,0x17171717,0x22221717,0x17171717
	.word 0x17221717,0x17171717,0x17171717,0x17171717,0x19172219,0x19191919,0x2C2C2A2C,0x2C2C2C2C
	.word 0x22221717,0x17171717,0x17171717,0x17171717,0x17171717,0x17171717,0x17171717,0x17171717
	.word 0x17171717,0x17171717,0x17191917,0x17171717,0x19191919,0x19191919,0x2C2C2C2C,0x2C2C2C2C
	.word 0x17171717,0x17171717,0x17171717,0x17171717,0x17171717,0x17171717,0x17171717,0x17171717
	.word 0x17171717,0x17171717,0x19191919,0x19171919,0x19191919,0x19191919,0x2C2C2C2C,0x2C2C2C2C
	.word 0x17171717,0x17171717,0x17171717,0x17171717,0x17171717,0x17171717,0x17171717,0x17171717
	.word 0x17171717,0x17171717,0x17171719,0x19171717,0x19191919,0x19191919,0x2C2C2C2C,0x2C2C2C2C

	.word 0x17171717,0x17171717,0x17171717,0x17171717,0x17171717,0x17171717,0x17171717,0x17171717
	.word 0x17171717,0x17171717,0x19191919,0x17171919,0x19191919,0x19191919,0x2C2C2C2C,0x2C2C2A2A
	.word 0x17171717,0x17171717,0x17171717,0x17171717,0x17171717,0x17171717,0x17171717,0x17171717
	.word 0x17171717,0x17171717,0x17171719,0x19191717,0x19191919,0x19191919,0x2C2C2C2C,0x2A2C2A2C
	.word 0x17171717,0x17171717,0x17171717,0x17171717,0x17171717,0x17171717,0x17171717,0x17171717
	.word 0x17171717,0x17171717,0x19191919,0x17171919,0x19191919,0x19191919,0x2A2A2A2A,0x2C2C2C2A
	.word 0x17172217,0x17171722,0x17171717,0x22171717,0x17171717,0x17171717,0x17171717,0x17171717
	.word 0x17171717,0x17171717,0x19191717,0x17171717,0x19191919,0x19191919,0x2A2C2A2C,0x2C2C2A2A

	.word 0x22172217,0x17172222,0x22171717,0x17172222,0x17171717,0x17171717,0x17171717,0x17171717
	.word 0x17171717,0x17171717,0x19191917,0x19191719,0x19191919,0x19191919,0x2C2C2C2C,0x2C2A2A2C
	.word 0x17222222,0x22171717,0x17222222,0x22221717,0x17221717,0x22222217,0x17222217,0x17221717
	.word 0x17172222,0x22221717,0x17171919,0x17191717,0x19191919,0x19191919,0x2A2A2A2A,0x2A2A2A2A
	.word 0x22222222,0x22222222,0x22222222,0x22222222,0x22222217,0x22222222,0x17222217,0x22222222
	.word 0x22222222,0x22222222,0x17171717,0x17171717,0x17191919,0x19191919,0x2A2A2A2A,0x2A2A2A2A
	.word 0x22222222,0x22222222,0x22222222,0x22222222,0x22222222,0x22222222,0x22222222,0x22221722
	.word 0x22222222,0x22222222,0x17171717,0x17171717,0x19191919,0x19191919,0x2A2A2C2A,0x2A2A2A2A

	.word 0x22222222,0x22222222,0x22222222,0x22222222,0x22222222,0x22222222,0x22222222,0x22222222
	.word 0x22222222,0x22222222,0x17171717,0x17171717,0x19191919,0x19191919,0x2A2A2A2A,0x2A2A2A2A
	.word 0x22222222,0x22222222,0x22222222,0x22222222,0x22222222,0x22222222,0x22222222,0x22222222
	.word 0x22222222,0x22222222,0x17171717,0x17171717,0x17171717,0x17191717,0x2A2A2A2A,0x2A2A2A2A
	.word 0x22222222,0x222A2222,0x22222222,0x222A2222,0x22222222,0x22222222,0x22222222,0x2A222222
	.word 0x22222222,0x22222222,0x17171717,0x22171717,0x17221717,0x22222217,0x2A2A2A2A,0x2A2A2A2A
	.word 0x22222222,0x22222222,0x22222222,0x22222222,0x22222222,0x22222222,0x22222222,0x22222222
	.word 0x22222222,0x22222222,0x22171722,0x17171717,0x19191722,0x19191919,0x2C2C2A2F,0x2C2C2C2C

	.word 0x22222222,0x22222222,0x22222222,0x22222222,0x22222222,0x22222222,0x22222222,0x22222222
	.word 0x22222222,0x22222222,0x17171717,0x17171719,0x19191919,0x19191919,0x2C2C2C2C,0x2C2C2C2C
	.word 0x22222222,0x22222222,0x22222222,0x22222222,0x22222222,0x22222222,0x22222222,0x22222222
	.word 0x22222222,0x22222222,0x19171717,0x19191717,0x19191919,0x19191919,0x2C2C2C2C,0x2C2C2C2C
	.word 0x22222222,0x22222222,0x22222222,0x22222222,0x22222222,0x22222222,0x22222222,0x22222222
	.word 0x22222222,0x22222222,0x17221722,0x17172219,0x19191919,0x19191919,0x2C2C2C2C,0x2C2C2C2C
	.word 0x22222222,0x22222222,0x22222222,0x22222222,0x22222222,0x22222222,0x22222222,0x22222222
	.word 0x22222222,0x22222222,0x17222222,0x22222217,0x19191919,0x19191919,0x2C2C2C2C,0x2C2C2C2C

	.word 0x22222222,0x19222222,0x22222222,0x19172222,0x22222222,0x19172222,0x22222222,0x19171722
	.word 0x22222222,0x19171717,0x17172217,0x19191717,0x19191919,0x19191919,0x2C2C2C2C,0x2C2C2C2C

	.section .rodata
	.align	2
	.global cats_intro_bn_gfxMap		@ 2048 unsigned chars
	.hidden cats_intro_bn_gfxMap
cats_intro_bn_gfxMap:
	.hword 0x0001,0x0002,0x0003,0x0004,0x0005,0x0006,0x0007,0x0008
	.hword 0x0009,0x000A,0x000B,0x000C,0x000D,0x000E,0x000F,0x0010
	.hword 0x0011,0x0012,0x0013,0x0014,0x0015,0x0016,0x0017,0x0018
	.hword 0x0019,0x001A,0x001B,0x001C,0x001D,0x001E,0x001F,0x0020
	.hword 0x0021,0x0022,0x0023,0x0024,0x0025,0x0026,0x0027,0x0427
	.hword 0x0028,0x0029,0x002A,0x002B,0x002C,0x002D,0x002E,0x002F
	.hword 0x0030,0x0031,0x0032,0x0033,0x0033,0x0034,0x0035,0x0036
	.hword 0x0037,0x0038,0x0039,0x003A,0x003B,0x003C,0x003D,0x003E

	.hword 0x003F,0x0040,0x0041,0x0042,0x003F,0x003F,0x003F,0x003F
	.hword 0x003F,0x0043,0x0044,0x0045,0x0046,0x0047,0x0048,0x0049
	.hword 0x0049,0x0049,0x0049,0x0049,0x0049,0x004A,0x004B,0x004C
	.hword 0x004D,0x004E,0x004F,0x0050,0x0051,0x0052,0x0053,0x003F
	.hword 0x003F,0x0040,0x0054,0x0055,0x0056,0x0057,0x003F,0x0058
	.hword 0x0059,0x005A,0x005B,0x0049,0x0049,0x0049,0x005C,0x005D
	.hword 0x005E,0x005F,0x0049,0x0049,0x0049,0x0060,0x0061,0x0062
	.hword 0x0063,0x0064,0x0065,0x0066,0x0067,0x0068,0x0069,0x003F

	.hword 0x003F,0x006A,0x006B,0x006C,0x006D,0x006E,0x006F,0x0070
	.hword 0x0071,0x0072,0x0073,0x0074,0x0049,0x0075,0x0076,0x0077
	.hword 0x0078,0x0079,0x007A,0x0049,0x0049,0x007B,0x007C,0x007D
	.hword 0x007E,0x007F,0x0080,0x0081,0x0082,0x0083,0x0084,0x003F
	.hword 0x0085,0x0086,0x0087,0x0088,0x006D,0x0089,0x008A,0x008B
	.hword 0x008C,0x008D,0x008E,0x008F,0x0090,0x0091,0x0092,0x0093
	.hword 0x0094,0x0095,0x0096,0x0097,0x0098,0x0099,0x009A,0x009B
	.hword 0x009C,0x009D,0x009E,0x009F,0x00A0,0x00A1,0x00A2,0x003F

	.hword 0x00A3,0x00A4,0x00A5,0x00A6,0x00A7,0x00A8,0x00A9,0x00AA
	.hword 0x00AB,0x00AC,0x00AD,0x00AE,0x00AF,0x00B0,0x00B1,0x00B2
	.hword 0x00B3,0x00B4,0x00B5,0x00B6,0x00B7,0x00B8,0x00B9,0x00BA
	.hword 0x00BB,0x0049,0x00BC,0x00BD,0x00BE,0x00BF,0x00C0,0x00C1
	.hword 0x00A3,0x00C2,0x00C3,0x00C4,0x0049,0x0049,0x00C5,0x00C6
	.hword 0x00C7,0x00C8,0x00C9,0x00CA,0x00CB,0x00CC,0x00CD,0x00CE
	.hword 0x00CF,0x04CF,0x00D0,0x00D1,0x00D2,0x00D3,0x00D4,0x00D5
	.hword 0x00D6,0x00D7,0x00D8,0x0049,0x00D9,0x00DA,0x00DB,0x00DC

	.hword 0x00DD,0x00DE,0x00DF,0x00E0,0x00E1,0x00E2,0x00E3,0x00E4
	.hword 0x00E5,0x00E6,0x00E7,0x00E8,0x00E9,0x00EA,0x00EB,0x00EC
	.hword 0x00ED,0x00EE,0x00EF,0x00F0,0x00F1,0x00F2,0x00F3,0x00F4
	.hword 0x00F5,0x00F6,0x00F7,0x00F8,0x00F9,0x00FA,0x00FB,0x00FC
	.hword 0x00FD,0x00FE,0x00FF,0x0100,0x0101,0x0102,0x0103,0x0103
	.hword 0x0104,0x0105,0x0106,0x0107,0x0108,0x0109,0x010A,0x010B
	.hword 0x010C,0x010D,0x010E,0x010F,0x0110,0x0111,0x0112,0x0113
	.hword 0x0114,0x0115,0x0103,0x0103,0x0116,0x0117,0x0118,0x0119

	.hword 0x011A,0x011B,0x011C,0x011D,0x011E,0x011F,0x0120,0x0103
	.hword 0x0121,0x0122,0x0123,0x0124,0x0125,0x0126,0x0127,0x0128
	.hword 0x0129,0x0128,0x012A,0x012B,0x012C,0x012D,0x012E,0x012F
	.hword 0x0130,0x0131,0x0132,0x0133,0x0134,0x0135,0x0136,0x0137
	.hword 0x0138,0x0139,0x013A,0x013B,0x013C,0x013D,0x013E,0x013F
	.hword 0x0140,0x0141,0x0142,0x0128,0x0143,0x0144,0x0145,0x0146
	.hword 0x0147,0x0148,0x0149,0x014A,0x0128,0x0128,0x014B,0x014C
	.hword 0x014D,0x014E,0x011E,0x014F,0x0150,0x0151,0x0152,0x0153

	.hword 0x0154,0x0155,0x0156,0x0157,0x0158,0x0159,0x015A,0x015B
	.hword 0x015C,0x0127,0x0128,0x0128,0x015D,0x015E,0x015F,0x0160
	.hword 0x0161,0x0162,0x0163,0x0164,0x0165,0x0128,0x0166,0x0167
	.hword 0x0168,0x0169,0x016A,0x016B,0x016C,0x016D,0x016E,0x016F
	.hword 0x0170,0x0171,0x0172,0x0173,0x0174,0x0175,0x0176,0x0177
	.hword 0x0178,0x0179,0x017A,0x017B,0x017C,0x017D,0x017E,0x017F
	.hword 0x0180,0x0181,0x0182,0x0183,0x0184,0x0128,0x0185,0x0186
	.hword 0x0187,0x0188,0x0189,0x018A,0x018B,0x018C,0x018D,0x018E

	.hword 0x018F,0x0190,0x0191,0x0192,0x0193,0x0194,0x0195,0x0196
	.hword 0x0197,0x0198,0x0199,0x019A,0x0161,0x0161,0x0161,0x019B
	.hword 0x019C,0x019D,0x0161,0x0161,0x0181,0x019E,0x019F,0x01A0
	.hword 0x01A1,0x01A2,0x01A3,0x01A4,0x01A5,0x01A6,0x01A7,0x01A8
	.hword 0x01A9,0x01AA,0x01AB,0x01AC,0x01AD,0x01AE,0x01AF,0x01B0
	.hword 0x01B1,0x01B2,0x01B3,0x01B4,0x01B5,0x0161,0x0161,0x0161
	.hword 0x0161,0x0161,0x0161,0x01B6,0x01B7,0x01B8,0x01B9,0x01BA
	.hword 0x01BB,0x01BC,0x01BD,0x01BE,0x01BF,0x01C0,0x01C1,0x01C2

	.hword 0x01C3,0x01C4,0x01C5,0x01C6,0x01C7,0x01C8,0x01C9,0x01CA
	.hword 0x01CB,0x01CC,0x01CD,0x01CE,0x01CF,0x01D0,0x01D1,0x01D2
	.hword 0x01D3,0x01D4,0x01D5,0x01D6,0x01D7,0x01D8,0x01D9,0x01DA
	.hword 0x01DB,0x01DC,0x01DD,0x01DE,0x01DF,0x01E0,0x01E1,0x01E2
	.hword 0x01E3,0x01E4,0x01E5,0x01E6,0x01E7,0x01E8,0x01E9,0x01EA
	.hword 0x01EB,0x01EC,0x01ED,0x01EE,0x01EF,0x01F0,0x01F1,0x01F2
	.hword 0x01F3,0x01F4,0x01F5,0x01F6,0x01F7,0x01F8,0x01F9,0x01FA
	.hword 0x01FB,0x01FC,0x01FD,0x01FE,0x01FF,0x0200,0x0201,0x0202

	.hword 0x0203,0x0204,0x0205,0x0206,0x0207,0x0208,0x0209,0x020A
	.hword 0x020B,0x020C,0x020D,0x020E,0x020F,0x0210,0x0211,0x0212
	.hword 0x0213,0x0214,0x0215,0x0216,0x0217,0x0218,0x0219,0x021A
	.hword 0x021B,0x021C,0x021D,0x021E,0x021F,0x0220,0x0221,0x0222
	.hword 0x0223,0x0224,0x0225,0x0226,0x0227,0x0228,0x0229,0x022A
	.hword 0x022B,0x022C,0x022D,0x022E,0x022F,0x0230,0x0231,0x0232
	.hword 0x0233,0x0234,0x0235,0x0236,0x0237,0x0238,0x0239,0x023A
	.hword 0x023B,0x023C,0x023D,0x023E,0x023F,0x0240,0x0241,0x0242

	.hword 0x0243,0x0244,0x0245,0x0246,0x0247,0x0248,0x0249,0x024A
	.hword 0x024B,0x024C,0x024D,0x024E,0x024F,0x0250,0x0251,0x0252
	.hword 0x0253,0x0254,0x0255,0x0256,0x0257,0x0258,0x0259,0x025A
	.hword 0x025B,0x025C,0x025D,0x025E,0x025F,0x0260,0x0261,0x0262
	.hword 0x0263,0x0264,0x0265,0x0266,0x0267,0x0268,0x0269,0x026A
	.hword 0x026B,0x026C,0x026D,0x026E,0x026F,0x0270,0x0271,0x0272
	.hword 0x0273,0x0274,0x0275,0x0276,0x0277,0x0278,0x0279,0x027A
	.hword 0x027B,0x027C,0x027D,0x027E,0x027F,0x0280,0x0281,0x0282

	.hword 0x0283,0x0284,0x0285,0x0286,0x0287,0x0288,0x0289,0x028A
	.hword 0x028B,0x028C,0x028D,0x028E,0x028F,0x0290,0x0291,0x0292
	.hword 0x0293,0x0294,0x0295,0x0296,0x0297,0x0298,0x0299,0x029A
	.hword 0x029B,0x029C,0x029D,0x029E,0x029F,0x02A0,0x02A1,0x02A2
	.hword 0x02A3,0x02A4,0x02A5,0x02A6,0x02A7,0x02A8,0x02A9,0x02AA
	.hword 0x02AB,0x02AC,0x02AD,0x02AE,0x02AF,0x02B0,0x02B1,0x02B2
	.hword 0x02B3,0x02B4,0x02B5,0x02B6,0x02B7,0x02B8,0x02B9,0x02BA
	.hword 0x02BB,0x02BC,0x02BD,0x02BE,0x02BF,0x02C0,0x02C1,0x02C2

	.hword 0x02C3,0x02C4,0x02C5,0x02C6,0x02C7,0x02C8,0x02C9,0x02CA
	.hword 0x02CB,0x02CC,0x02CD,0x02CE,0x02CF,0x02D0,0x02D1,0x02D2
	.hword 0x02D3,0x02D4,0x02D5,0x02D6,0x02D7,0x02D8,0x02D9,0x02DA
	.hword 0x02DB,0x02DC,0x02DD,0x02DE,0x02DF,0x02E0,0x02E1,0x02E2
	.hword 0x02E3,0x02E4,0x02E5,0x02E6,0x02E7,0x02E8,0x02E9,0x02EA
	.hword 0x02EB,0x02EC,0x02ED,0x02EE,0x02EF,0x02F0,0x02F1,0x02F2
	.hword 0x02F3,0x02F4,0x02F5,0x02F6,0x02F7,0x02F8,0x02F9,0x02FA
	.hword 0x02FB,0x02FC,0x02FD,0x02FE,0x02FF,0x0300,0x0301,0x0302

	.hword 0x0303,0x0304,0x0305,0x0306,0x0307,0x0308,0x0309,0x0309
	.hword 0x0309,0x030A,0x030B,0x030C,0x030D,0x030E,0x030F,0x0310
	.hword 0x0311,0x0312,0x0313,0x0314,0x0315,0x0316,0x0317,0x0318
	.hword 0x0309,0x0309,0x0309,0x0319,0x031A,0x031B,0x031C,0x031D
	.hword 0x031E,0x031E,0x031F,0x0320,0x0321,0x0309,0x0309,0x0309
	.hword 0x0309,0x0322,0x0323,0x0324,0x0325,0x0326,0x0327,0x0328
	.hword 0x0329,0x032A,0x032B,0x032C,0x032D,0x032E,0x032F,0x0330
	.hword 0x0309,0x0309,0x0309,0x0331,0x0332,0x0333,0x031E,0x031E

	.hword 0x031E,0x0334,0x0335,0x0336,0x0337,0x0338,0x0309,0x0309
	.hword 0x0309,0x0339,0x02C5,0x033A,0x033B,0x033C,0x033D,0x033E
	.hword 0x033F,0x0340,0x0341,0x0342,0x0343,0x0344,0x0345,0x0346
	.hword 0x0309,0x0347,0x0348,0x0336,0x0336,0x0349,0x034A,0x034B
	.hword 0x034C,0x034D,0x034E,0x034F,0x034F,0x034F,0x034F,0x034F
	.hword 0x0350,0x0351,0x0352,0x0352,0x0352,0x0352,0x0352,0x0352
	.hword 0x0352,0x0352,0x0352,0x0352,0x0352,0x0352,0x0352,0x0353
	.hword 0x034F,0x034F,0x034F,0x034F,0x034F,0x0354,0x0355,0x0356

	.hword 0x0357,0x0358,0x0359,0x035A,0x035B,0x035C,0x035D,0x035E
	.hword 0x035E,0x035F,0x035E,0x035E,0x0360,0x0361,0x035E,0x0362
	.hword 0x035E,0x0363,0x0364,0x035E,0x035E,0x035E,0x0365,0x0366
	.hword 0x0367,0x0368,0x0369,0x0369,0x0369,0x0369,0x036A,0x036B
	.hword 0x036C,0x036D,0x036E,0x036F,0x036F,0x0370,0x0371,0x0372
	.hword 0x0373,0x0374,0x0375,0x0376,0x0377,0x0378,0x0379,0x037A
	.hword 0x037B,0x037C,0x037D,0x037E,0x037F,0x0380,0x0381,0x0382
	.hword 0x0383,0x0384,0x0385,0x036F,0x036F,0x0386,0x0387,0x0388

	.section .rodata
	.align	2
	.global cats_intro_bn_gfxPal		@ 128 unsigned chars
	.hidden cats_intro_bn_gfxPal
cats_intro_bn_gfxPal:
	.hword 0x03E0,0x229D,0x77BC,0x73BD,0x7799,0x7331,0x7378,0x6796
	.hword 0x2EBC,0x6F9C,0x6B99,0x1E5C,0x677B,0x42FB,0x6EEF,0x2A7A
	.hword 0x5F3A,0x1DFA,0x5F54,0x6B3A,0x6B15,0x3E79,0x56D9,0x41B9
	.hword 0x62F8,0x45F8,0x5B12,0x1D78,0x62B8,0x2618,0x4A58,0x5E76
	.hword 0x5ED5,0x5EB3,0x3D96,0x5696,0x20F6,0x5A0A,0x568F,0x5635
	.hword 0x4235,0x2194,0x3934,0x4E33,0x3DB3,0x4E09,0x4DCC,0x20F2
	.hword 0x49CF,0x4612,0x49B2,0x4586,0x3D8D,0x3DEF,0x3969,0x28EE
	.hword 0x316E,0x18CD,0x106B,0x2D07,0x28EB,0x28A5,0x0C47,0x1866

@}}BLOCK(cats_intro_bn_gfx)
